gw,club,side,opponent,date,fdr,rest_days,m7,m14,m21,euro_comp,euro_gap_days,travel_km,days_to_next,next_is_euro,congestion,asymmetry
1,ARS,H,COV,2026-08-21,2,14,0,0,0,CL,,0.0,10,False,0.0,-0.011
1,AVL,A,BHA,2026-08-23,3,14,0,0,0,CL,,221.2,8,False,0.018,0.018
1,BHA,H,AVL,2026-08-23,3,14,0,0,0,UECL,,0.0,7,False,0.0,-0.018
1,BOU,A,MCI,2026-08-23,5,14,0,0,0,EL,,306.6,6,False,0.025,0.025
1,BRE,H,TOT,2026-08-22,3,14,0,0,0,,,0.0,8,False,0.0,-0.002
1,CHE,A,FUL,2026-08-24,3,14,0,0,0,,,2.3,6,False,0.0,0.0
1,COV,A,ARS,2026-08-21,5,14,0,0,0,,,137.4,8,False,0.011,0.011
1,CRY,A,EVE,2026-08-22,3,14,0,0,0,EL,,299.4,6,False,0.024,0.024
1,EVE,H,CRY,2026-08-22,3,14,0,0,0,,,0.0,7,False,0.0,-0.024
1,FUL,H,CHE,2026-08-24,4,14,0,0,0,,,0.0,6,False,0.0,0.0
1,HUL,H,MUN,2026-08-22,4,14,0,0,0,,,0.0,7,False,0.0,-0.01
1,IPS,H,SUN,2026-08-22,2,14,0,0,0,,,0.0,8,False,0.0,-0.029
1,LEE,A,NFO,2026-08-22,3,14,0,0,0,,,97.6,8,False,0.008,0.008
1,LIV,A,NEW,2026-08-23,3,14,0,0,0,CL,,192.6,6,False,0.015,0.015
1,MCI,H,BOU,2026-08-23,3,14,0,0,0,CL,,0.0,5,False,0.0,-0.025
1,MUN,A,HUL,2026-08-22,2,14,0,0,0,CL,,130.7,8,False,0.01,0.01
1,NEW,H,LIV,2026-08-23,4,14,0,0,0,,,0.0,6,False,0.0,-0.015
1,NFO,H,LEE,2026-08-22,2,14,0,0,0,,,0.0,7,False,0.0,-0.008
1,SUN,A,IPS,2026-08-22,2,14,0,0,0,EL,,359.3,8,False,0.029,0.029
1,TOT,A,BRE,2026-08-22,3,14,0,0,0,,,19.9,7,False,0.002,0.002
2,ARS,A,AVL,2026-08-31,4,10,0,1,1,CL,,161.3,6,False,0.013,0.013
2,AVL,H,ARS,2026-08-31,4,8,0,1,1,CL,,0.0,5,False,0.0,-0.013
2,BHA,A,CHE,2026-08-30,4,7,1,1,1,UECL,,69.3,6,False,0.006,0.006
2,BOU,H,EVE,2026-08-29,3,6,1,1,1,EL,,0.0,7,False,0.0,-0.025
2,BRE,A,LEE,2026-08-30,3,8,0,1,1,,,268.6,6,False,0.021,0.021
2,CHE,H,BHA,2026-08-30,2,6,1,1,1,,,0.0,7,False,0.0,-0.006
2,COV,H,HUL,2026-08-29,2,8,0,1,1,,,0.0,7,False,0.0,-0.013
2,CRY,H,MCI,2026-08-28,4,6,1,1,1,EL,,0.0,8,False,0.0,-0.09
2,EVE,A,BOU,2026-08-29,3,7,1,1,1,,,310.4,8,False,0.025,0.025
2,FUL,A,SUN,2026-08-30,3,6,1,1,1,,,390.2,6,False,0.031,0.031
2,HUL,A,COV,2026-08-29,2,7,1,1,1,,,162.8,7,False,0.013,0.013
2,IPS,A,MUN,2026-08-30,4,8,0,1,1,,,279.2,5,False,0.022,0.022
2,LEE,H,BRE,2026-08-30,3,8,0,1,1,,,0.0,6,False,0.0,-0.021
2,LIV,H,NFO,2026-08-29,3,6,1,1,1,CL,,0.0,6,False,0.0,-0.011
2,MCI,A,CRY,2026-08-28,3,5,1,1,1,CL,,272.5,8,False,0.09,0.09
2,MUN,H,IPS,2026-08-30,2,8,0,1,1,CL,,0.0,7,False,0.0,-0.022
2,NEW,A,TOT,2026-08-29,3,6,1,1,1,,,388.9,7,False,0.031,0.031
2,NFO,A,LIV,2026-08-29,4,7,1,1,1,,,133.5,7,False,0.011,0.011
2,SUN,H,FUL,2026-08-30,2,8,0,1,1,EL,,0.0,6,False,0.0,-0.031
2,TOT,H,NEW,2026-08-29,2,7,1,1,1,,,0.0,7,False,0.0,-0.031
3,ARS,H,CHE,2026-09-06,4,6,1,1,2,CL,,0.0,4,True,0.0,-0.001
3,AVL,A,HUL,2026-09-05,2,5,1,2,2,CL,,170.8,5,True,0.082,0.082
3,BHA,H,LEE,2026-09-05,2,6,1,2,2,UECL,,0.0,8,False,0.0,-0.027
3,BOU,A,NEW,2026-09-05,3,7,1,2,2,EL,,471.8,7,False,0.038,0.038
3,BRE,H,SUN,2026-09-05,2,6,1,2,2,,,0.0,7,False,0.0,-0.031
3,CHE,A,ARS,2026-09-06,5,7,1,2,2,,,9.9,6,False,0.001,0.001
3,COV,A,MCI,2026-09-05,5,7,1,1,2,,,124.4,8,False,0.01,0.01
3,CRY,A,FUL,2026-09-05,3,8,0,2,2,EL,,12.7,7,False,0.001,0.001
3,EVE,H,MUN,2026-09-06,4,8,0,1,2,,,0.0,6,False,0.0,-0.004
3,FUL,H,CRY,2026-09-05,3,6,1,2,2,,,0.0,7,False,0.0,-0.001
3,HUL,H,AVL,2026-09-05,3,7,1,2,2,,,0.0,7,False,0.0,-0.082
3,IPS,H,LIV,2026-09-04,4,5,1,2,2,,,0.0,8,False,0.068,0.043
3,LEE,A,BHA,2026-09-05,3,6,1,2,2,,,339.6,9,False,0.027,0.027
3,LIV,A,IPS,2026-09-04,2,6,1,2,2,CL,,315.9,6,True,0.025,-0.043
3,MCI,H,COV,2026-09-05,2,8,0,2,2,CL,,0.0,5,True,0.0,-0.01
3,MUN,A,EVE,2026-09-06,3,7,1,1,2,CL,,44.8,4,True,0.004,0.004
3,NEW,H,BOU,2026-09-05,3,7,1,2,2,,,0.0,9,False,0.0,-0.038
3,NFO,H,TOT,2026-09-05,3,7,1,2,2,,,0.0,7,False,0.0,-0.013
3,SUN,A,BRE,2026-09-05,3,6,1,2,2,EL,,387.6,7,False,0.031,0.031
3,TOT,A,NFO,2026-09-05,3,7,1,2,2,,,165.3,7,False,0.013,0.013
4,ARS,A,SUN,2026-09-12,3,2,2,3,3,CL,2,958.1,7,False,0.634,0.634
4,AVL,H,NFO,2026-09-12,3,2,2,3,4,CL,2,575.0,7,False,0.603,0.597
4,BHA,A,COV,2026-09-13,2,8,0,2,3,UECL,,201.5,6,False,0.016,0.016
4,BOU,H,BRE,2026-09-12,3,7,1,2,3,EL,,0.0,5,True,0.0,-0.011
4,BRE,A,BOU,2026-09-12,3,7,1,2,3,,,137.0,6,False,0.011,0.011
4,CHE,H,HUL,2026-09-12,2,6,1,2,3,,,0.0,6,False,0.0,-0.02
4,COV,H,BHA,2026-09-13,2,8,0,1,2,,,0.0,6,False,0.0,-0.016
4,CRY,H,IPS,2026-09-12,2,7,1,1,3,EL,,0.0,5,True,0.0,-0.009
4,EVE,A,TOT,2026-09-12,3,6,1,2,3,,,283.0,7,False,0.023,0.023
4,FUL,A,LIV,2026-09-12,4,7,1,2,3,,,285.9,8,False,0.023,-0.58
4,HUL,A,CHE,2026-09-12,4,7,1,2,3,,,252.0,7,False,0.02,0.02
4,IPS,A,CRY,2026-09-12,3,8,0,2,3,,,111.9,7,False,0.009,0.009
4,LEE,H,NEW,2026-09-14,2,9,0,1,2,,,0.0,5,False,0.0,-0.011
4,LIV,H,FUL,2026-09-12,2,2,1,3,4,CL,2,575.0,8,False,0.603,0.58
4,MCI,A,MUN,2026-09-13,4,3,1,2,4,CL,3,581.4,7,False,0.421,-0.029
4,MUN,H,MCI,2026-09-13,4,3,2,3,3,CL,3,575.0,7,False,0.45,0.029
4,NEW,A,LEE,2026-09-14,3,9,0,1,2,,,133.3,5,False,0.011,0.011
4,NFO,A,AVL,2026-09-12,4,7,1,2,3,,,69.7,7,False,0.006,-0.597
4,SUN,H,ARS,2026-09-12,4,7,1,2,3,EL,,0.0,5,True,0.0,-0.634
4,TOT,H,EVE,2026-09-12,3,7,1,2,3,,,0.0,7,False,0.0,-0.023
5,ARS,A,BHA,2026-09-19,3,7,1,3,4,CL,,77.1,21,False,0.036,0.036
5,AVL,A,TOT,2026-09-19,3,7,1,3,4,CL,,160.0,21,False,0.043,0.043
5,BHA,H,ARS,2026-09-19,4,6,1,2,3,UECL,,0.0,21,False,0.0,-0.036
5,BOU,H,LIV,2026-09-20,4,3,1,2,3,EL,3,700.0,20,False,0.43,0.405
5,BRE,H,CHE,2026-09-18,4,6,1,2,3,,,0.0,22,False,0.0,-0.001
5,CHE,A,BRE,2026-09-18,3,6,1,2,3,,,6.9,22,False,0.001,0.001
5,COV,A,NFO,2026-09-19,3,6,1,2,3,,,59.9,23,False,0.005,0.005
5,CRY,A,LEE,2026-09-19,3,2,2,3,3,EL,2,983.0,22,False,0.636,0.568
5,EVE,H,IPS,2026-09-19,2,7,1,2,3,,,0.0,22,False,0.0,-0.025
5,FUL,H,MUN,2026-09-20,4,8,0,1,3,,,0.0,20,False,0.0,-0.051
5,HUL,A,NEW,2026-09-19,3,7,1,2,3,,,159.1,22,False,0.013,-0.055
5,IPS,A,EVE,2026-09-19,3,7,1,1,3,,,316.6,21,False,0.025,0.025
5,LEE,H,CRY,2026-09-19,3,5,1,2,3,,,0.0,21,False,0.068,-0.568
5,LIV,A,BOU,2026-09-20,3,8,0,2,3,CL,,309.4,21,False,0.025,-0.405
5,MCI,H,SUN,2026-09-20,2,7,1,2,3,CL,,0.0,21,False,0.0,-0.443
5,MUN,A,FUL,2026-09-20,3,7,1,3,4,CL,,261.7,20,False,0.051,0.051
5,NEW,H,HUL,2026-09-19,2,5,1,2,3,,,0.0,23,False,0.068,0.055
5,NFO,H,COV,2026-09-19,2,7,1,2,3,,,0.0,22,False,0.0,-0.005
5,SUN,A,MCI,2026-09-20,5,3,1,2,4,EL,3,867.7,20,False,0.443,0.443
5,TOT,H,AVL,2026-09-19,3,7,1,2,3,,,0.0,21,False,0.0,-0.043
6,ARS,H,LEE,2026-10-10,2,21,0,0,1,CL,,0.0,4,True,0.0,-0.021
6,AVL,H,BRE,2026-10-10,3,21,0,0,1,CL,,0.0,4,True,0.0,-0.013
6,BHA,A,SUN,2026-10-10,3,21,0,0,1,UECL,,459.0,5,True,0.037,0.037
6,BOU,A,CHE,2026-10-10,4,20,0,0,1,EL,,141.8,5,True,0.011,0.011
6,BRE,A,AVL,2026-10-10,4,22,0,0,0,,,157.3,7,False,0.013,0.013
6,CHE,H,BOU,2026-10-10,3,22,0,0,0,,,0.0,7,False,0.0,-0.011
6,COV,H,NEW,2026-10-12,2,23,0,0,0,,,0.0,7,False,0.0,-0.022
6,CRY,H,NFO,2026-10-11,3,22,0,0,0,EL,,0.0,4,True,0.0,-0.015
6,EVE,A,HUL,2026-10-11,2,22,0,0,0,,,174.8,6,False,0.014,0.014
6,FUL,A,IPS,2026-10-10,2,20,0,0,1,,,114.1,7,False,0.009,0.009
6,HUL,H,EVE,2026-10-11,3,22,0,0,0,,,0.0,6,False,0.0,-0.014
6,IPS,H,FUL,2026-10-10,2,21,0,0,1,,,0.0,7,False,0.0,-0.009
6,LEE,A,ARS,2026-10-10,5,21,0,0,1,,,266.2,8,False,0.021,0.021
6,LIV,H,MCI,2026-10-11,4,21,0,0,1,CL,,0.0,3,True,0.0,-0.004
6,MCI,A,LIV,2026-10-11,4,21,0,0,1,CL,,50.7,3,True,0.004,0.004
6,MUN,H,TOT,2026-10-10,3,20,0,0,1,CL,,0.0,4,True,0.0,-0.02
6,NEW,A,COV,2026-10-12,2,23,0,0,0,,,281.2,5,False,0.022,0.022
6,NFO,A,CRY,2026-10-11,3,22,0,0,0,,,185.7,7,False,0.015,0.015
6,SUN,H,BHA,2026-10-10,2,20,0,0,1,EL,,0.0,5,True,0.0,-0.037
6,TOT,A,MUN,2026-10-10,4,21,0,0,1,,,255.7,9,False,0.02,0.02
7,ARS,A,NFO,2026-10-18,3,4,1,2,2,CL,4,744.1,3,True,0.281,0.281
7,AVL,A,NEW,2026-10-17,3,3,2,2,2,CL,3,849.9,4,True,0.442,0.374
7,BHA,H,CRY,2026-10-18,3,3,1,2,2,UECL,3,800.0,4,True,0.438,0.003
7,BOU,H,SUN,2026-10-18,2,3,1,2,2,EL,3,700.0,4,True,0.43,-0.037
7,BRE,H,LIV,2026-10-17,4,7,1,1,1,,,0.0,8,False,0.0,-0.443
7,CHE,A,EVE,2026-10-17,3,7,1,1,1,,,287.5,7,False,0.023,0.023
7,COV,A,TOT,2026-10-19,3,7,1,1,1,,,135.6,5,False,0.011,0.011
7,CRY,A,BHA,2026-10-18,3,3,2,2,2,EL,3,759.6,4,True,0.435,-0.003
7,EVE,H,CHE,2026-10-17,4,6,1,1,1,,,0.0,7,False,0.0,-0.023
7,FUL,H,HUL,2026-10-17,2,7,1,1,1,,,0.0,7,False,0.0,-0.02
7,HUL,A,FUL,2026-10-17,3,6,1,1,1,,,252.7,8,False,0.02,0.02
7,IPS,A,MCI,2026-10-17,5,7,1,1,1,,,275.4,6,False,0.022,-0.398
7,LEE,H,MUN,2026-10-18,4,8,0,1,1,,,0.0,7,False,0.0,-0.272
7,LIV,A,BRE,2026-10-17,3,3,2,2,2,CL,3,856.6,4,True,0.443,0.443
7,MCI,H,IPS,2026-10-17,2,3,2,2,2,CL,3,575.0,4,True,0.42,0.398
7,MUN,A,LEE,2026-10-18,3,4,1,2,2,CL,4,634.0,3,True,0.272,0.272
7,NEW,H,AVL,2026-10-17,3,5,1,1,1,,,0.0,8,False,0.068,-0.374
7,NFO,H,ARS,2026-10-18,4,7,1,1,1,,,0.0,5,False,0.0,-0.281
7,SUN,A,BOU,2026-10-18,3,3,1,2,2,EL,3,1165.7,4,True,0.467,0.037
7,TOT,H,COV,2026-10-19,2,9,0,1,1,,,0.0,5,False,0.0,-0.011
8,ARS,H,EVE,2026-10-24,3,3,2,4,4,CL,3,575.0,8,False,0.48,0.457
8,AVL,H,MCI,2026-10-24,4,3,2,4,4,CL,3,575.0,8,False,0.48,-0.009
8,BHA,A,LIV,2026-10-24,4,2,2,4,4,UECL,2,1146.5,7,False,0.679,0.199
8,BOU,A,MUN,2026-10-25,4,3,2,3,4,EL,3,1004.9,6,False,0.484,0.187
8,BRE,A,HUL,2026-10-25,2,8,0,1,2,,,250.8,6,False,0.02,0.02
8,CHE,H,TOT,2026-10-24,3,7,1,2,2,,,0.0,7,False,0.0,-0.069
8,COV,H,FUL,2026-10-24,2,5,1,2,2,,,0.0,7,False,0.068,0.057
8,CRY,H,NEW,2026-10-25,2,3,2,4,4,EL,3,700.0,6,False,0.49,0.457
8,EVE,A,ARS,2026-10-24,5,7,1,2,2,,,285.1,9,False,0.023,-0.457
8,FUL,A,COV,2026-10-24,2,7,1,2,2,,,139.0,8,False,0.011,-0.057
8,HUL,H,BRE,2026-10-25,3,8,0,2,2,,,0.0,6,False,0.0,-0.02
8,IPS,H,NFO,2026-10-23,3,6,1,2,2,,,0.0,8,False,0.0,-0.083
8,LEE,A,SUN,2026-10-25,3,7,1,1,2,,,126.9,6,False,0.01,-0.45
8,LIV,H,BHA,2026-10-24,2,3,2,4,4,CL,3,575.0,8,False,0.48,-0.199
8,MCI,A,AVL,2026-10-24,4,3,2,4,4,CL,3,685.3,7,False,0.489,0.009
8,MUN,H,BOU,2026-10-25,3,4,2,3,4,CL,4,575.0,6,False,0.297,-0.187
8,NEW,A,CRY,2026-10-25,3,8,0,2,2,,,410.8,8,False,0.033,-0.457
8,NFO,A,IPS,2026-10-23,2,5,1,2,2,,,182.9,8,False,0.083,0.083
8,SUN,H,LEE,2026-10-25,2,3,2,3,4,EL,3,700.0,6,False,0.46,0.45
8,TOT,A,CHE,2026-10-24,4,5,1,2,2,,,16.1,7,False,0.069,0.069
9,ARS,A,LIV,2026-11-01,4,8,0,3,4,CL,,284.2,3,True,0.053,0.053
9,AVL,H,FUL,2026-11-01,2,8,0,2,4,CL,,0.0,3,True,0.0,-0.013
9,BHA,A,MCI,2026-10-31,5,7,1,3,5,UECL,,325.2,5,True,0.056,0.026
9,BOU,H,LEE,2026-10-31,2,6,1,3,5,EL,,0.0,5,True,0.03,0.003
9,BRE,H,NFO,2026-10-31,3,6,1,2,3,,,0.0,7,False,0.0,-0.014
9,CHE,H,MUN,2026-10-31,4,7,1,2,3,,,0.0,7,False,0.0,-0.051
9,COV,H,SUN,2026-10-31,2,7,1,2,3,,,0.0,7,False,0.0,-0.052
9,CRY,A,TOT,2026-10-31,3,6,1,3,5,EL,,22.9,5,True,0.032,0.032
9,EVE,A,NEW,2026-11-02,3,9,0,1,2,,,192.0,5,False,0.015,0.015
9,FUL,A,AVL,2026-11-01,4,8,0,1,2,,,161.8,6,False,0.013,0.013
9,HUL,H,IPS,2026-10-31,2,6,1,2,3,,,0.0,7,False,0.0,-0.017
9,IPS,A,HUL,2026-10-31,2,8,0,2,3,,,213.7,7,False,0.017,0.017
9,LEE,A,BOU,2026-10-31,3,6,1,2,3,,,338.8,7,False,0.027,-0.003
9,LIV,H,ARS,2026-11-01,4,8,0,2,5,CL,,0.0,3,True,0.0,-0.053
9,MCI,H,BHA,2026-10-31,2,7,1,3,5,CL,,0.0,4,True,0.03,-0.026
9,MUN,A,CHE,2026-10-31,4,6,1,3,5,CL,,262.2,4,True,0.051,0.051
9,NEW,H,EVE,2026-11-02,3,8,0,1,3,,,0.0,5,False,0.0,-0.015
9,NFO,A,BRE,2026-10-31,3,8,0,2,3,,,171.1,7,False,0.014,0.014
9,SUN,A,COV,2026-10-31,2,6,1,3,5,EL,,274.3,5,True,0.052,0.052
9,TOT,H,CRY,2026-10-31,3,7,1,2,3,,,0.0,7,False,0.0,-0.032
10,ARS,H,HUL,2026-11-07,2,3,2,3,5,CL,3,575.0,14,False,0.45,0.43
10,AVL,A,MUN,2026-11-07,4,3,2,3,5,CL,3,684.5,14,False,0.459,0.009
10,BHA,H,BRE,2026-11-07,3,2,2,3,5,UECL,2,800.0,14,False,0.621,0.615
10,BOU,A,IPS,2026-11-07,2,2,2,3,5,EL,2,953.7,14,False,0.633,0.633
10,BRE,A,BHA,2026-11-07,3,7,1,2,3,,,71.4,14,False,0.006,-0.615
10,CHE,A,SUN,2026-11-07,3,7,1,2,3,,,389.8,14,False,0.031,-0.582
10,COV,A,EVE,2026-11-07,3,7,1,2,3,,,147.8,14,False,0.012,-0.056
10,CRY,H,LIV,2026-11-07,4,2,2,3,5,EL,2,700.0,14,False,0.613,0.139
10,EVE,H,COV,2026-11-07,2,5,1,2,3,,,0.0,14,False,0.068,0.056
10,FUL,H,NEW,2026-11-07,2,6,1,2,3,,,0.0,14,False,0.0,-0.1
10,HUL,A,ARS,2026-11-07,5,7,1,2,3,,,244.3,14,False,0.02,-0.43
10,IPS,H,BOU,2026-11-07,3,7,1,1,3,,,0.0,14,False,0.0,-0.633
10,LEE,H,TOT,2026-11-07,3,7,1,2,3,,,0.0,14,False,0.0,-0.021
10,LIV,A,CRY,2026-11-07,3,3,2,3,5,CL,3,873.5,14,False,0.474,-0.139
10,MCI,A,NFO,2026-11-07,3,3,2,3,5,CL,3,668.2,14,False,0.457,0.457
10,MUN,H,AVL,2026-11-07,3,3,2,3,5,CL,3,575.0,14,False,0.45,-0.009
10,NEW,A,FUL,2026-11-07,3,5,1,2,3,,,400.3,14,False,0.1,0.1
10,NFO,H,MCI,2026-11-07,4,7,1,1,3,,,0.0,14,False,0.0,-0.457
10,SUN,H,CHE,2026-11-07,4,2,2,3,5,EL,2,700.0,14,False,0.613,0.582
10,TOT,A,LEE,2026-11-07,3,7,1,2,3,,,262.2,14,False,0.021,0.021
11,ARS,A,NEW,2026-11-21,3,14,0,1,3,CL,,393.5,4,True,0.031,0.031
11,AVL,H,SUN,2026-11-21,2,14,0,1,3,CL,,0.0,4,True,0.0,-0.022
11,BHA,A,HUL,2026-11-21,2,14,0,1,3,UECL,,321.3,5,True,0.026,0.026
11,BOU,H,NFO,2026-11-21,3,14,0,1,3,EL,,0.0,5,True,0.0,-0.02
11,BRE,H,EVE,2026-11-21,3,14,0,1,2,,,0.0,7,False,0.0,-0.023
11,CHE,H,LEE,2026-11-21,2,14,0,1,2,,,0.0,7,False,0.0,-0.022
11,COV,H,CRY,2026-11-21,3,14,0,1,2,,,0.0,7,False,0.0,-0.012
11,CRY,A,COV,2026-11-21,2,14,0,1,3,EL,,151.6,5,True,0.012,0.012
11,EVE,A,BRE,2026-11-21,3,14,0,1,2,,,282.5,7,False,0.023,0.023
11,FUL,A,MCI,2026-11-21,5,14,0,1,2,,,260.4,7,False,0.021,0.021
11,HUL,H,BHA,2026-11-21,2,14,0,1,2,,,0.0,7,False,0.0,-0.026
11,IPS,A,TOT,2026-11-21,3,14,0,1,2,,,97.2,7,False,0.008,0.008
11,LEE,A,CHE,2026-11-21,4,14,0,1,2,,,271.8,7,False,0.022,0.022
11,LIV,H,MUN,2026-11-21,4,14,0,1,3,CL,,0.0,4,True,0.0,-0.004
11,MCI,H,FUL,2026-11-21,2,14,0,1,3,CL,,0.0,4,True,0.0,-0.021
11,MUN,A,LIV,2026-11-21,4,14,0,1,3,CL,,44.5,4,True,0.004,0.004
11,NEW,H,ARS,2026-11-21,4,14,0,1,2,,,0.0,7,False,0.0,-0.031
11,NFO,A,BOU,2026-11-21,3,14,0,1,2,,,249.9,7,False,0.02,0.02
11,SUN,A,AVL,2026-11-21,4,14,0,1,3,EL,,269.4,5,True,0.022,0.022
11,TOT,H,IPS,2026-11-21,2,14,0,1,2,,,0.0,7,False,0.0,-0.008
12,ARS,H,MCI,2026-11-28,4,3,2,2,3,CL,3,575.0,4,False,0.42,-0.021
12,AVL,A,IPS,2026-11-28,2,3,2,2,3,CL,3,787.2,4,False,0.437,0.437
12,BHA,H,NEW,2026-11-28,2,2,2,2,3,UECL,2,800.0,4,False,0.591,0.553
12,BOU,A,FUL,2026-11-28,3,2,2,2,3,EL,2,839.6,4,False,0.594,0.594
12,BRE,A,MUN,2026-11-28,4,7,1,1,2,,,257.8,4,False,0.021,-0.399
12,CHE,A,NFO,2026-11-28,3,7,1,1,2,,,174.4,4,False,0.014,0.014
12,COV,A,LEE,2026-11-28,3,7,1,1,2,,,148.0,4,False,0.012,0.012
12,CRY,H,HUL,2026-11-28,2,2,2,2,3,EL,2,700.0,4,False,0.583,0.562
12,EVE,H,LIV,2026-11-28,4,7,1,1,2,,,0.0,4,False,0.0,-0.42
12,FUL,H,BOU,2026-11-28,3,7,1,1,2,,,0.0,4,False,0.0,-0.594
12,HUL,A,CRY,2026-11-28,3,7,1,1,2,,,261.8,4,False,0.021,-0.562
12,IPS,H,AVL,2026-11-28,3,7,1,1,2,,,0.0,4,False,0.0,-0.437
12,LEE,H,COV,2026-11-28,2,7,1,1,2,,,0.0,4,False,0.0,-0.012
12,LIV,A,EVE,2026-11-28,3,3,2,2,3,CL,3,575.9,4,False,0.42,0.42
12,MCI,A,ARS,2026-11-28,5,3,2,2,3,CL,3,831.9,4,False,0.441,0.021
12,MUN,H,BRE,2026-11-28,3,3,2,2,3,CL,3,575.0,4,False,0.42,0.399
12,NEW,A,BHA,2026-11-28,3,7,1,1,2,,,468.9,4,False,0.038,-0.553
12,NFO,H,CHE,2026-11-28,4,7,1,1,2,,,0.0,4,False,0.0,-0.014
12,SUN,H,TOT,2026-11-28,3,2,2,2,3,EL,2,700.0,4,False,0.583,0.553
12,TOT,A,SUN,2026-11-28,3,7,1,1,2,,,378.4,4,False,0.03,-0.553
13,ARS,A,BRE,2026-12-02,3,4,2,3,3,CL,,14.4,3,False,0.167,0.031
13,AVL,H,EVE,2026-12-02,3,4,2,3,3,CL,,0.0,3,False,0.166,0.02
13,BHA,A,BOU,2026-12-02,3,4,2,3,3,UECL,6,924.1,3,False,0.24,0.018
13,BOU,H,BHA,2026-12-02,2,4,2,3,3,EL,6,700.0,3,False,0.222,-0.018
13,BRE,H,ARS,2026-12-02,4,4,1,2,2,,,0.0,3,False,0.136,-0.031
13,CHE,H,CRY,2026-12-02,3,4,1,2,2,,,0.0,3,False,0.136,-0.087
13,COV,H,IPS,2026-12-02,2,4,1,2,2,,,0.0,3,False,0.136,-0.015
13,CRY,A,CHE,2026-12-02,4,4,2,3,3,EL,6,711.8,3,False,0.223,0.087
13,EVE,A,AVL,2026-12-02,4,4,1,2,2,,,126.2,3,False,0.146,-0.02
13,FUL,A,TOT,2026-12-02,3,4,1,2,2,,,17.9,3,False,0.137,0.001
13,HUL,H,NFO,2026-12-02,3,4,1,2,2,,,0.0,3,False,0.136,-0.008
13,IPS,A,COV,2026-12-02,2,4,1,2,2,,,185.0,3,False,0.151,0.015
13,LEE,A,MCI,2026-12-02,5,4,1,2,2,,,52.8,3,False,0.14,-0.026
13,LIV,H,SUN,2026-12-02,2,4,2,3,3,CL,,0.0,3,False,0.166,-0.072
13,MCI,H,LEE,2026-12-02,2,4,2,3,3,CL,,0.0,3,False,0.166,0.026
13,MUN,A,NEW,2026-12-02,3,4,2,3,3,CL,,173.8,3,False,0.18,0.044
13,NEW,H,MUN,2026-12-02,4,4,1,2,2,,,0.0,3,False,0.136,-0.044
13,NFO,A,HUL,2026-12-02,2,4,1,2,2,,,103.0,3,False,0.144,0.008
13,SUN,A,LIV,2026-12-02,4,4,2,3,3,EL,6,894.1,3,False,0.238,0.072
13,TOT,H,FUL,2026-12-02,2,4,1,2,2,,,0.0,3,False,0.136,-0.001
14,ARS,A,TOT,2026-12-05,3,3,2,4,4,CL,,6.2,4,True,0.264,0.03
14,AVL,H,CRY,2026-12-05,3,3,2,4,4,CL,,0.0,4,True,0.264,-0.014
14,BHA,A,NFO,2026-12-05,3,3,2,4,4,UECL,,242.0,5,True,0.283,0.049
14,BOU,H,HUL,2026-12-05,2,3,2,4,4,EL,,0.0,5,True,0.264,0.002
14,BRE,H,MCI,2026-12-05,4,3,2,3,3,,,0.0,7,False,0.234,-0.051
14,CHE,H,LIV,2026-12-05,4,3,2,3,3,,,0.0,7,False,0.234,-0.053
14,COV,A,MUN,2026-12-05,4,3,2,3,3,,,124.8,7,False,0.244,-0.02
14,CRY,A,AVL,2026-12-05,4,3,2,4,4,EL,,174.5,5,True,0.278,0.014
14,EVE,H,FUL,2026-12-05,2,3,2,3,3,,,0.0,7,False,0.234,-0.023
14,FUL,A,EVE,2026-12-05,3,3,2,3,3,,,286.8,7,False,0.257,0.023
14,HUL,A,BOU,2026-12-05,3,3,2,3,3,,,349.4,7,False,0.262,-0.002
14,IPS,A,LEE,2026-12-05,3,3,2,3,3,,,264.3,7,False,0.255,0.021
14,LEE,H,IPS,2026-12-05,2,3,2,3,3,,,0.0,7,False,0.234,-0.021
14,LIV,A,CHE,2026-12-05,4,3,2,4,4,CL,,286.7,4,True,0.287,0.053
14,MCI,A,BRE,2026-12-05,3,3,2,4,4,CL,,256.5,4,True,0.285,0.051
14,MUN,H,COV,2026-12-05,2,3,2,4,4,CL,,0.0,4,True,0.264,0.02
14,NEW,H,SUN,2026-12-05,2,3,2,3,3,,,0.0,7,False,0.234,-0.031
14,NFO,H,BHA,2026-12-05,2,3,2,3,3,,,0.0,7,False,0.234,-0.049
14,SUN,A,NEW,2026-12-05,3,3,2,4,4,EL,,16.5,5,True,0.265,0.031
14,TOT,H,ARS,2026-12-05,4,3,2,3,3,,,0.0,7,False,0.234,-0.03
15,ARS,H,BOU,2026-12-12,3,3,2,4,6,CL,3,575.0,7,False,0.48,-0.175
15,AVL,A,COV,2026-12-12,2,3,2,4,6,CL,3,602.2,7,False,0.482,0.452
15,BHA,H,EVE,2026-12-12,3,2,2,4,6,UECL,2,800.0,5,True,0.651,0.593
15,BOU,A,ARS,2026-12-12,5,2,2,4,6,EL,2,851.2,7,False,0.655,0.175
15,BRE,A,FUL,2026-12-12,3,7,1,3,4,,,5.0,7,False,0.03,0.0
15,CHE,A,MCI,2026-12-12,5,7,1,3,4,,,260.8,7,False,0.051,-0.429
15,COV,H,AVL,2026-12-12,3,7,1,3,4,,,0.0,7,False,0.03,-0.452
15,CRY,H,MUN,2026-12-12,4,2,2,4,6,EL,2,700.0,7,False,0.643,0.141
15,EVE,A,BHA,2026-12-12,3,7,1,3,4,,,347.5,7,False,0.058,-0.593
15,FUL,H,BRE,2026-12-12,3,7,1,3,4,,,0.0,7,False,0.03,0.0
15,HUL,H,TOT,2026-12-12,3,7,1,3,4,,,0.0,7,False,0.03,-0.019
15,IPS,H,NEW,2026-12-12,2,7,1,3,4,,,0.0,7,False,0.03,-0.03
15,LEE,A,LIV,2026-12-12,4,7,1,3,4,,,99.4,7,False,0.038,-0.442
15,LIV,H,LEE,2026-12-12,2,3,2,4,6,CL,3,575.0,7,False,0.48,0.442
15,MCI,H,CHE,2026-12-12,4,3,2,4,6,CL,3,575.0,7,False,0.48,0.429
15,MUN,A,CRY,2026-12-12,3,3,2,4,6,CL,3,849.0,7,False,0.502,-0.141
15,NEW,A,IPS,2026-12-12,2,7,1,3,4,,,372.7,7,False,0.06,0.03
15,NFO,A,SUN,2026-12-12,3,7,1,3,4,,,220.1,7,False,0.048,-0.595
15,SUN,H,NFO,2026-12-12,3,2,2,4,6,EL,2,700.0,7,False,0.643,0.595
15,TOT,A,HUL,2026-12-12,2,7,1,3,4,,,239.0,7,False,0.049,0.019
16,ARS,H,MUN,2026-12-19,4,7,1,3,5,CL,,0.0,7,False,0.03,-0.021
16,AVL,A,CHE,2026-12-19,4,7,1,3,5,CL,,162.8,7,False,0.043,0.043
16,BHA,H,IPS,2026-12-19,2,2,2,4,6,UECL,2,800.0,7,False,0.651,0.638
16,BOU,H,COV,2026-12-19,2,7,1,3,5,EL,,0.0,7,False,0.03,0.015
16,BRE,H,NEW,2026-12-19,2,7,1,2,4,,,0.0,7,False,0.0,-0.032
16,CHE,H,AVL,2026-12-19,3,7,1,2,4,,,0.0,7,False,0.0,-0.043
16,COV,A,BOU,2026-12-19,3,7,1,2,4,,,191.9,7,False,0.015,-0.015
16,CRY,A,SUN,2026-12-19,3,7,1,3,5,EL,,400.5,7,False,0.062,0.032
16,EVE,A,NFO,2026-12-19,3,7,1,2,4,,,134.1,7,False,0.011,0.011
16,FUL,A,LEE,2026-12-19,3,7,1,2,4,,,271.8,7,False,0.022,0.022
16,HUL,A,MCI,2026-12-19,5,7,1,2,4,,,124.3,7,False,0.01,-0.02
16,IPS,A,BHA,2026-12-19,3,7,1,2,4,,,157.6,7,False,0.013,-0.638
16,LEE,H,FUL,2026-12-19,2,7,1,2,4,,,0.0,7,False,0.0,-0.022
16,LIV,H,TOT,2026-12-19,3,7,1,3,5,CL,,0.0,7,False,0.03,0.007
16,MCI,H,HUL,2026-12-19,2,7,1,3,5,CL,,0.0,7,False,0.03,0.02
16,MUN,A,ARS,2026-12-19,5,7,1,3,5,CL,,258.5,7,False,0.051,0.021
16,NEW,A,BRE,2026-12-19,3,7,1,2,4,,,397.5,7,False,0.032,0.032
16,NFO,H,EVE,2026-12-19,3,7,1,2,4,,,0.0,7,False,0.0,-0.011
16,SUN,H,CRY,2026-12-19,3,7,1,3,5,EL,,0.0,7,False,0.03,-0.032
16,TOT,A,LIV,2026-12-19,4,7,1,2,4,,,282.2,7,False,0.023,-0.007
17,ARS,A,CRY,2026-12-26,3,7,1,2,4,CL,,17.5,4,False,0.001,0.001
17,AVL,H,LEE,2026-12-26,2,7,1,2,4,CL,,0.0,4,False,0.0,-0.011
17,BHA,A,FUL,2026-12-26,3,7,1,3,5,UECL,,68.8,4,False,0.036,0.036
17,BOU,A,TOT,2026-12-26,3,7,1,2,4,EL,,156.8,4,False,0.013,0.013
17,BRE,A,IPS,2026-12-26,2,7,1,2,3,,,116.9,4,False,0.009,0.009
17,CHE,A,COV,2026-12-26,2,7,1,2,3,,,139.8,4,False,0.011,0.011
17,COV,H,CHE,2026-12-26,4,7,1,2,3,,,0.0,4,False,0.0,-0.011
17,CRY,H,ARS,2026-12-26,4,7,1,2,4,EL,,0.0,4,False,0.0,-0.001
17,EVE,H,SUN,2026-12-26,2,7,1,2,3,,,0.0,4,False,0.0,-0.015
17,FUL,H,BHA,2026-12-26,2,7,1,2,3,,,0.0,4,False,0.0,-0.036
17,HUL,H,LIV,2026-12-26,4,7,1,2,3,,,0.0,4,False,0.0,-0.014
17,IPS,H,BRE,2026-12-26,3,7,1,2,3,,,0.0,4,False,0.0,-0.009
17,LEE,A,AVL,2026-12-26,4,7,1,2,3,,,142.6,4,False,0.011,0.011
17,LIV,A,HUL,2026-12-26,2,7,1,2,4,CL,,174.7,4,False,0.014,0.014
17,MCI,A,NEW,2026-12-26,3,7,1,2,4,CL,,170.2,4,False,0.014,0.014
17,MUN,H,NFO,2026-12-26,3,7,1,2,4,CL,,0.0,4,False,0.0,-0.008
17,NEW,H,MCI,2026-12-26,4,7,1,2,3,,,0.0,4,False,0.0,-0.014
17,NFO,A,MUN,2026-12-26,4,7,1,2,3,,,96.6,4,False,0.008,0.008
17,SUN,A,EVE,2026-12-26,3,7,1,2,4,EL,,193.5,4,False,0.015,0.015
17,TOT,H,BOU,2026-12-26,3,7,1,2,3,,,0.0,4,False,0.0,-0.013
18,ARS,A,FUL,2026-12-30,3,4,1,2,4,CL,,11.9,3,False,0.137,0.001
18,AVL,H,LIV,2026-12-30,4,4,1,2,4,CL,,0.0,3,False,0.136,-0.01
18,BHA,A,TOT,2026-12-30,3,4,1,3,5,UECL,,82.5,3,False,0.173,0.037
18,BOU,A,CRY,2026-12-30,3,4,1,2,4,EL,,142.9,3,False,0.147,0.011
18,BRE,A,COV,2026-12-30,2,4,1,2,3,,,134.8,3,False,0.147,0.011
18,CHE,A,IPS,2026-12-30,2,4,1,2,3,,,111.9,3,False,0.145,0.009
18,COV,H,BRE,2026-12-30,3,4,1,2,3,,,0.0,3,False,0.136,-0.011
18,CRY,H,BOU,2026-12-30,3,4,1,2,4,EL,,0.0,3,False,0.136,-0.011
18,EVE,H,MCI,2026-12-30,4,4,1,2,3,,,0.0,3,False,0.136,-0.004
18,FUL,H,ARS,2026-12-30,4,4,1,2,3,,,0.0,3,False,0.136,-0.001
18,HUL,H,LEE,2026-12-30,2,4,1,2,3,,,0.0,3,False,0.136,-0.006
18,IPS,H,CHE,2026-12-30,4,4,1,2,3,,,0.0,3,False,0.136,-0.009
18,LEE,A,HUL,2026-12-30,2,4,1,2,3,,,79.2,3,False,0.142,0.006
18,LIV,A,AVL,2026-12-30,4,4,1,2,4,CL,,125.3,3,False,0.146,0.01
18,MCI,A,EVE,2026-12-30,3,4,1,2,4,CL,,50.9,3,False,0.14,0.004
18,MUN,H,SUN,2026-12-30,2,4,1,2,4,CL,,0.0,3,False,0.136,-0.014
18,NEW,H,NFO,2026-12-30,3,4,1,2,3,,,0.0,3,False,0.136,-0.018
18,NFO,A,NEW,2026-12-30,3,4,1,2,3,,,228.6,3,False,0.154,0.018
18,SUN,A,MUN,2026-12-30,4,4,1,2,4,EL,,171.7,3,False,0.15,0.014
18,TOT,H,BHA,2026-12-30,2,4,1,2,3,,,0.0,3,False,0.136,-0.037
19,ARS,H,IPS,2027-01-02,2,3,2,3,4,CL,,0.0,4,False,0.234,-0.008
19,AVL,A,BOU,2027-01-02,3,3,2,3,4,CL,,197.3,4,False,0.25,0.016
19,BHA,H,MUN,2027-01-02,4,3,2,3,5,UECL,,0.0,4,False,0.234,-0.026
19,BOU,H,AVL,2027-01-02,3,3,2,3,4,EL,,0.0,4,False,0.234,-0.016
19,BRE,H,CRY,2027-01-02,3,3,2,3,4,,,0.0,4,False,0.234,-0.001
19,CHE,H,NEW,2027-01-02,2,3,2,3,4,,,0.0,4,False,0.234,-0.032
19,COV,A,LIV,2027-01-02,4,3,2,3,4,,,146.9,4,False,0.246,0.012
19,CRY,A,BRE,2027-01-02,3,3,2,3,4,EL,,17.5,4,False,0.235,0.001
19,EVE,A,LEE,2027-01-02,3,3,2,3,4,,,99.4,4,False,0.242,0.008
19,FUL,A,NFO,2027-01-02,3,3,2,3,4,,,174.3,4,False,0.248,0.014
19,HUL,A,SUN,2027-01-02,3,3,2,3,4,,,145.7,4,False,0.246,0.012
19,IPS,A,ARS,2027-01-02,5,3,2,3,4,,,102.5,4,False,0.242,0.008
19,LEE,H,EVE,2027-01-02,3,3,2,3,4,,,0.0,4,False,0.234,-0.008
19,LIV,H,COV,2027-01-02,2,3,2,3,4,CL,,0.0,4,False,0.234,-0.012
19,MCI,H,TOT,2027-01-02,3,3,2,3,4,CL,,0.0,4,False,0.234,-0.02
19,MUN,A,BHA,2027-01-02,3,3,2,3,4,CL,,326.0,4,False,0.26,0.026
19,NEW,A,CHE,2027-01-02,4,3,2,3,4,,,400.0,4,False,0.266,0.032
19,NFO,H,FUL,2027-01-02,2,3,2,3,4,,,0.0,4,False,0.234,-0.014
19,SUN,H,HUL,2027-01-02,2,3,2,3,4,EL,,0.0,4,False,0.234,-0.012
19,TOT,A,MCI,2027-01-02,5,3,2,3,4,,,253.9,4,False,0.254,0.02
20,ARS,H,BRE,2027-01-06,3,4,2,3,4,CL,,0.0,10,False,0.166,-0.001
20,AVL,A,EVE,2027-01-06,3,4,2,3,4,CL,,126.2,10,False,0.176,0.01
20,BHA,H,BOU,2027-01-06,3,4,2,3,5,UECL,,0.0,10,False,0.166,-0.01
20,BOU,A,BHA,2027-01-06,3,4,2,3,4,EL,,124.1,10,False,0.176,0.01
20,BRE,A,ARS,2027-01-06,5,4,2,3,4,,,14.4,10,False,0.167,0.001
20,CHE,A,CRY,2027-01-06,3,4,2,3,4,,,11.8,10,False,0.167,0.001
20,COV,A,IPS,2027-01-06,2,4,2,3,4,,,185.0,10,False,0.181,0.015
20,CRY,H,CHE,2027-01-06,4,4,2,3,4,EL,,0.0,10,False,0.166,-0.001
20,EVE,H,AVL,2027-01-06,3,4,2,3,4,,,0.0,10,False,0.166,-0.01
20,FUL,H,TOT,2027-01-06,3,4,2,3,4,,,0.0,10,False,0.166,-0.001
20,HUL,A,NFO,2027-01-06,3,4,2,3,4,,,103.0,10,False,0.174,0.008
20,IPS,H,COV,2027-01-06,2,4,2,3,4,,,0.0,10,False,0.166,-0.015
20,LEE,H,MCI,2027-01-06,4,4,2,3,4,,,0.0,10,False,0.166,-0.004
20,LIV,A,SUN,2027-01-06,3,4,2,3,4,CL,,194.1,10,False,0.182,0.016
20,MCI,A,LEE,2027-01-06,3,4,2,3,4,CL,,52.8,10,False,0.17,0.004
20,MUN,H,NEW,2027-01-06,2,4,2,3,4,CL,,0.0,10,False,0.166,-0.014
20,NEW,A,MUN,2027-01-06,4,4,2,3,4,,,173.8,10,False,0.18,0.014
20,NFO,H,HUL,2027-01-06,2,4,2,3,4,,,0.0,10,False,0.166,-0.008
20,SUN,H,LIV,2027-01-06,4,4,2,3,4,EL,,0.0,10,False,0.166,-0.016
20,TOT,A,FUL,2027-01-06,3,4,2,3,4,,,17.9,10,False,0.167,0.001
21,ARS,A,HUL,2027-01-16,2,10,0,2,4,CL,,244.3,4,True,0.02,0.02
21,AVL,H,MUN,2027-01-16,4,10,0,2,4,CL,,0.0,4,True,0.0,-0.009
21,BHA,A,BRE,2027-01-16,3,10,0,2,4,UECL,,71.4,7,False,0.006,0.006
21,BOU,H,IPS,2027-01-16,2,10,0,2,4,EL,,0.0,5,True,0.0,-0.02
21,BRE,H,BHA,2027-01-16,2,10,0,2,4,,,0.0,7,False,0.0,-0.006
21,CHE,H,SUN,2027-01-16,2,10,0,2,4,,,0.0,7,False,0.0,-0.031
21,COV,H,EVE,2027-01-16,3,10,0,2,4,,,0.0,7,False,0.0,-0.012
21,CRY,A,LIV,2027-01-16,4,10,0,2,4,EL,,298.5,5,True,0.024,0.024
21,EVE,A,COV,2027-01-16,2,10,0,2,4,,,147.8,7,False,0.012,0.012
21,FUL,A,NEW,2027-01-16,3,10,0,2,4,,,400.3,7,False,0.032,0.032
21,HUL,H,ARS,2027-01-16,4,10,0,2,4,,,0.0,7,False,0.0,-0.02
21,IPS,A,BOU,2027-01-16,3,10,0,2,4,,,253.7,7,False,0.02,0.02
21,LEE,A,TOT,2027-01-16,3,10,0,2,4,,,262.2,7,False,0.021,0.021
21,LIV,H,CRY,2027-01-16,3,10,0,2,4,CL,,0.0,4,True,0.0,-0.024
21,MCI,H,NFO,2027-01-16,3,10,0,2,4,CL,,0.0,4,True,0.0,-0.007
21,MUN,A,AVL,2027-01-16,4,10,0,2,4,CL,,109.5,4,True,0.009,0.009
21,NEW,H,FUL,2027-01-16,2,10,0,2,4,,,0.0,7,False,0.0,-0.032
21,NFO,A,MCI,2027-01-16,5,10,0,2,4,,,93.2,7,False,0.007,0.007
21,SUN,A,CHE,2027-01-16,4,10,0,2,4,EL,,389.8,5,True,0.031,0.031
21,TOT,H,LEE,2027-01-16,2,10,0,2,4,,,0.0,7,False,0.0,-0.021
22,ARS,H,NEW,2027-01-23,2,3,2,2,4,CL,3,575.0,4,True,0.42,0.389
22,AVL,A,FUL,2027-01-23,3,3,2,2,4,CL,3,736.8,4,True,0.433,0.433
22,BHA,H,MCI,2027-01-23,4,7,1,1,3,UECL,,0.0,7,False,0.0,-0.446
22,BOU,A,NFO,2027-01-23,3,2,2,2,4,EL,2,949.9,5,True,0.603,0.603
22,BRE,A,EVE,2027-01-23,3,7,1,1,3,,,282.5,7,False,0.023,0.023
22,CHE,A,LEE,2027-01-23,3,7,1,1,3,,,271.8,7,False,0.022,0.022
22,COV,A,SUN,2027-01-23,3,7,1,1,3,,,274.3,7,False,0.022,-0.561
22,CRY,H,TOT,2027-01-23,3,2,2,2,4,EL,2,700.0,5,True,0.583,0.581
22,EVE,H,BRE,2027-01-23,3,7,1,1,3,,,0.0,7,False,0.0,-0.023
22,FUL,H,AVL,2027-01-23,3,7,1,1,3,,,0.0,7,False,0.0,-0.433
22,HUL,A,IPS,2027-01-23,2,7,1,1,3,,,213.7,7,False,0.017,0.017
22,IPS,H,HUL,2027-01-23,2,7,1,1,3,,,0.0,7,False,0.0,-0.017
22,LEE,H,CHE,2027-01-23,4,7,1,1,3,,,0.0,7,False,0.0,-0.022
22,LIV,A,MUN,2027-01-23,4,3,2,2,4,CL,3,619.5,4,True,0.424,0.004
22,MCI,A,BHA,2027-01-23,3,3,2,2,4,CL,3,900.2,4,True,0.446,0.446
22,MUN,H,LIV,2027-01-23,4,3,2,2,4,CL,3,575.0,4,True,0.42,-0.004
22,NEW,A,ARS,2027-01-23,5,7,1,1,3,,,393.5,7,False,0.031,-0.389
22,NFO,H,BOU,2027-01-23,3,7,1,1,3,,,0.0,7,False,0.0,-0.603
22,SUN,H,COV,2027-01-23,2,2,2,2,4,EL,2,700.0,5,True,0.583,0.561
22,TOT,A,CRY,2027-01-23,3,7,1,1,3,,,22.9,7,False,0.002,-0.581
23,ARS,A,MCI,2027-01-30,5,3,2,4,4,CL,3,831.9,7,False,0.501,0.021
23,AVL,H,IPS,2027-01-30,2,3,2,4,4,CL,3,575.0,7,False,0.48,0.463
23,BHA,A,NEW,2027-01-30,3,7,1,2,2,UECL,,468.9,7,False,0.038,0.038
23,BOU,H,FUL,2027-01-30,2,2,2,4,4,EL,2,700.0,7,False,0.643,0.632
23,BRE,H,MUN,2027-01-30,4,7,1,2,2,,,0.0,7,False,0.0,-0.501
23,CHE,H,NFO,2027-01-30,3,7,1,2,2,,,0.0,7,False,0.0,-0.014
23,COV,H,LEE,2027-01-30,2,7,1,2,2,,,0.0,7,False,0.0,-0.012
23,CRY,A,HUL,2027-01-30,2,2,2,4,4,EL,2,961.8,7,False,0.664,0.664
23,EVE,A,LIV,2027-01-30,4,7,1,2,2,,,0.9,7,False,0.0,-0.48
23,FUL,A,BOU,2027-01-30,3,7,1,2,2,,,139.6,7,False,0.011,-0.632
23,HUL,H,CRY,2027-01-30,3,7,1,2,2,,,0.0,7,False,0.0,-0.664
23,IPS,A,AVL,2027-01-30,4,7,1,2,2,,,212.2,7,False,0.017,-0.463
23,LEE,A,COV,2027-01-30,2,7,1,2,2,,,148.0,7,False,0.012,0.012
23,LIV,H,EVE,2027-01-30,3,3,2,4,4,CL,3,575.0,7,False,0.48,0.48
23,MCI,H,ARS,2027-01-30,4,3,2,4,4,CL,3,575.0,7,False,0.48,-0.021
23,MUN,A,BRE,2027-01-30,3,3,2,4,4,CL,3,832.8,7,False,0.501,0.501
23,NEW,H,BHA,2027-01-30,2,7,1,2,2,,,0.0,7,False,0.0,-0.038
23,NFO,A,CHE,2027-01-30,4,7,1,2,2,,,174.4,7,False,0.014,0.014
23,SUN,A,TOT,2027-01-30,3,2,2,4,4,EL,2,1078.4,7,False,0.673,0.673
23,TOT,H,SUN,2027-01-30,2,7,1,2,2,,,0.0,7,False,0.0,-0.673
24,ARS,H,LIV,2027-02-06,4,7,1,3,5,CL,,0.0,4,False,0.03,-0.023
24,AVL,A,SUN,2027-02-06,3,7,1,3,5,CL,,269.4,4,False,0.052,0.022
24,BHA,H,HUL,2027-02-06,2,7,1,2,3,UECL,,0.0,4,False,0.0,-0.026
24,BOU,A,LEE,2027-02-06,3,7,1,3,5,EL,,338.8,4,False,0.057,0.057
24,BRE,A,NFO,2027-02-06,3,7,1,2,3,,,171.1,4,False,0.014,0.014
24,CHE,A,MUN,2027-02-06,4,7,1,2,3,,,262.2,4,False,0.021,-0.009
24,COV,A,CRY,2027-02-06,3,7,1,2,3,,,151.6,4,False,0.012,-0.018
24,CRY,H,COV,2027-02-06,2,7,1,3,5,EL,,0.0,4,False,0.03,0.018
24,EVE,H,NEW,2027-02-06,2,7,1,2,3,,,0.0,4,False,0.0,-0.015
24,FUL,H,MCI,2027-02-06,4,7,1,2,3,,,0.0,4,False,0.0,-0.051
24,HUL,A,BHA,2027-02-06,3,7,1,2,3,,,321.3,4,False,0.026,0.026
24,IPS,H,TOT,2027-02-06,3,7,1,2,3,,,0.0,4,False,0.0,-0.008
24,LEE,H,BOU,2027-02-06,3,7,1,2,3,,,0.0,4,False,0.0,-0.057
24,LIV,A,ARS,2027-02-06,5,7,1,3,5,CL,,284.2,4,False,0.053,0.023
24,MCI,A,FUL,2027-02-06,3,7,1,3,5,CL,,260.4,4,False,0.051,0.051
24,MUN,H,CHE,2027-02-06,4,7,1,3,5,CL,,0.0,4,False,0.03,0.009
24,NEW,A,EVE,2027-02-06,3,7,1,2,3,,,192.0,4,False,0.015,0.015
24,NFO,H,BRE,2027-02-06,3,7,1,2,3,,,0.0,4,False,0.0,-0.014
24,SUN,H,AVL,2027-02-06,3,7,1,3,5,EL,,0.0,4,False,0.03,-0.022
24,TOT,A,IPS,2027-02-06,2,7,1,2,3,,,97.2,4,False,0.008,0.008
25,ARS,A,IPS,2027-02-10,2,4,1,3,5,CL,,102.5,7,True,0.174,0.038
25,AVL,H,BOU,2027-02-10,3,4,1,3,5,CL,,0.0,7,True,0.166,-0.016
25,BHA,A,MUN,2027-02-10,4,4,1,2,3,UECL,,326.0,8,True,0.162,-0.004
25,BOU,A,AVL,2027-02-10,4,4,1,3,5,EL,,197.3,8,True,0.182,0.016
25,BRE,A,CRY,2027-02-10,3,4,1,2,3,,,17.5,10,False,0.137,-0.029
25,CHE,A,NEW,2027-02-10,3,4,1,2,3,,,400.0,10,False,0.168,0.032
25,COV,H,LIV,2027-02-10,4,4,1,2,3,,,0.0,10,False,0.136,-0.042
25,CRY,H,BRE,2027-02-10,3,4,1,3,5,EL,,0.0,8,True,0.166,0.029
25,EVE,H,LEE,2027-02-10,2,4,1,2,3,,,0.0,10,False,0.136,-0.008
25,FUL,H,NFO,2027-02-10,3,4,1,2,3,,,0.0,10,False,0.136,-0.014
25,HUL,H,SUN,2027-02-10,2,4,1,2,3,,,0.0,10,False,0.136,-0.042
25,IPS,H,ARS,2027-02-10,4,4,1,2,3,,,0.0,10,False,0.136,-0.038
25,LEE,A,EVE,2027-02-10,3,4,1,2,3,,,99.4,10,False,0.144,0.008
25,LIV,A,COV,2027-02-10,2,4,1,3,5,CL,,146.9,7,True,0.178,0.042
25,MCI,A,TOT,2027-02-10,3,4,1,3,5,CL,,253.9,7,True,0.186,0.05
25,MUN,H,BHA,2027-02-10,2,4,1,3,5,CL,,0.0,7,True,0.166,0.004
25,NEW,H,CHE,2027-02-10,4,4,1,2,3,,,0.0,10,False,0.136,-0.032
25,NFO,A,FUL,2027-02-10,3,4,1,2,3,,,174.3,10,False,0.15,0.014
25,SUN,A,HUL,2027-02-10,2,4,1,3,5,EL,,145.7,8,True,0.178,0.042
25,TOT,H,MCI,2027-02-10,4,4,1,2,3,,,0.0,10,False,0.136,-0.05
26,ARS,H,FUL,2027-02-20,2,3,1,3,4,CL,3,575.0,4,True,0.45,0.449
26,AVL,A,LEE,2027-02-20,3,3,1,3,4,CL,3,717.6,4,True,0.461,0.461
26,BHA,H,TOT,2027-02-20,3,2,1,3,4,UECL,2,800.0,5,True,0.621,0.614
26,BOU,H,CRY,2027-02-20,3,2,1,3,4,EL,2,700.0,5,True,0.613,-0.011
26,BRE,H,COV,2027-02-20,2,10,0,2,3,,,0.0,7,False,0.0,-0.011
26,CHE,H,IPS,2027-02-20,2,10,0,2,3,,,0.0,7,False,0.0,-0.009
26,COV,A,BRE,2027-02-20,3,10,0,2,3,,,134.8,7,False,0.011,0.011
26,CRY,A,BOU,2027-02-20,3,2,1,3,4,EL,2,842.9,5,True,0.624,0.011
26,EVE,A,SUN,2027-02-20,3,10,0,2,3,,,193.5,7,False,0.015,-0.598
26,FUL,A,ARS,2027-02-20,5,10,0,2,3,,,11.9,7,False,0.001,-0.449
26,HUL,A,LIV,2027-02-20,4,10,0,2,3,,,174.7,7,False,0.014,-0.436
26,IPS,A,CHE,2027-02-20,4,10,0,2,3,,,111.9,7,False,0.009,0.009
26,LEE,H,AVL,2027-02-20,3,10,0,2,3,,,0.0,7,False,0.0,-0.461
26,LIV,H,HUL,2027-02-20,2,3,1,3,4,CL,3,575.0,4,True,0.45,0.436
26,MCI,H,NEW,2027-02-20,2,3,1,3,4,CL,3,575.0,4,True,0.45,0.436
26,MUN,A,NFO,2027-02-20,3,3,1,3,4,CL,3,671.6,4,True,0.458,0.458
26,NEW,A,MCI,2027-02-20,5,10,0,2,3,,,170.2,7,False,0.014,-0.436
26,NFO,H,MUN,2027-02-20,4,10,0,2,3,,,0.0,7,False,0.0,-0.458
26,SUN,H,EVE,2027-02-20,3,2,1,3,4,EL,2,700.0,5,True,0.613,0.598
26,TOT,A,BHA,2027-02-20,3,10,0,2,3,,,82.5,7,False,0.007,-0.614
27,ARS,A,MUN,2027-02-27,4,3,2,3,5,CL,3,833.5,4,False,0.471,0.021
27,AVL,H,CHE,2027-02-27,4,3,2,3,5,CL,3,575.0,4,False,0.45,0.437
27,BHA,A,IPS,2027-02-27,2,2,2,3,5,UECL,2,957.6,4,False,0.634,0.634
27,BOU,A,COV,2027-02-27,2,2,2,3,5,EL,2,891.9,4,False,0.628,0.628
27,BRE,A,NEW,2027-02-27,3,7,1,1,3,,,397.5,4,False,0.032,0.032
27,CHE,A,AVL,2027-02-27,4,7,1,1,3,,,162.8,4,False,0.013,-0.437
27,COV,H,BOU,2027-02-27,3,7,1,1,3,,,0.0,4,False,0.0,-0.628
27,CRY,H,SUN,2027-02-27,2,2,2,3,5,EL,2,700.0,4,False,0.613,-0.032
27,EVE,H,NFO,2027-02-27,3,7,1,1,3,,,0.0,4,False,0.0,-0.011
27,FUL,H,LEE,2027-02-27,2,7,1,1,3,,,0.0,4,False,0.0,-0.022
27,HUL,H,MCI,2027-02-27,4,7,1,1,3,,,0.0,4,False,0.0,-0.46
27,IPS,H,BHA,2027-02-27,2,7,1,1,3,,,0.0,4,False,0.0,-0.634
27,LEE,A,FUL,2027-02-27,3,7,1,1,3,,,271.8,4,False,0.022,0.022
27,LIV,A,TOT,2027-02-27,3,3,2,3,5,CL,3,857.2,4,False,0.473,0.473
27,MCI,A,HUL,2027-02-27,2,3,2,3,5,CL,3,699.3,4,False,0.46,0.46
27,MUN,H,ARS,2027-02-27,4,3,2,3,5,CL,3,575.0,4,False,0.45,-0.021
27,NEW,H,BRE,2027-02-27,3,7,1,1,3,,,0.0,4,False,0.0,-0.032
27,NFO,A,EVE,2027-02-27,3,7,1,1,3,,,134.1,4,False,0.011,0.011
27,SUN,A,CRY,2027-02-27,3,2,2,3,5,EL,2,1100.5,4,False,0.645,0.032
27,TOT,H,LIV,2027-02-27,4,7,1,1,3,,,0.0,4,False,0.0,-0.473
28,ARS,H,CRY,2027-03-03,3,4,2,4,5,CL,,0.0,7,True,0.196,-0.057
28,AVL,A,LIV,2027-03-03,4,4,2,4,5,CL,,125.3,7,True,0.206,0.01
28,BHA,H,FUL,2027-03-03,2,4,2,4,5,UECL,6,800.0,8,True,0.26,0.118
28,BOU,H,TOT,2027-03-03,3,4,2,4,5,EL,6,700.0,8,True,0.252,0.103
28,BRE,H,IPS,2027-03-03,2,4,1,2,3,,,0.0,10,False,0.136,-0.009
28,CHE,H,COV,2027-03-03,2,4,1,2,3,,,0.0,10,False,0.136,-0.011
28,COV,A,CHE,2027-03-03,4,4,1,2,3,,,139.8,10,False,0.147,0.011
28,CRY,A,ARS,2027-03-03,5,4,2,4,5,EL,6,717.5,8,True,0.253,0.057
28,EVE,A,MCI,2027-03-03,5,4,1,2,3,,,50.9,10,False,0.14,-0.056
28,FUL,A,BHA,2027-03-03,3,4,1,2,3,,,68.8,10,False,0.142,-0.118
28,HUL,A,LEE,2027-03-03,3,4,1,2,3,,,79.2,10,False,0.142,0.006
28,IPS,A,BRE,2027-03-03,3,4,1,2,3,,,116.9,10,False,0.145,0.009
28,LEE,H,HUL,2027-03-03,2,4,1,2,3,,,0.0,10,False,0.136,-0.006
28,LIV,H,AVL,2027-03-03,3,4,2,4,5,CL,,0.0,7,True,0.196,-0.01
28,MCI,H,EVE,2027-03-03,3,4,2,4,5,CL,,0.0,7,True,0.196,0.056
28,MUN,A,SUN,2027-03-03,3,4,2,4,5,CL,,171.7,7,True,0.21,-0.042
28,NEW,A,NFO,2027-03-03,3,4,1,2,3,,,228.6,10,False,0.154,0.018
28,NFO,H,NEW,2027-03-03,2,4,1,2,3,,,0.0,10,False,0.136,-0.018
28,SUN,H,MUN,2027-03-03,4,4,2,4,5,EL,6,700.0,8,True,0.252,0.042
28,TOT,A,BOU,2027-03-03,3,4,1,2,3,,,156.8,10,False,0.149,-0.103
29,ARS,A,CHE,2027-03-13,4,3,1,3,5,CL,3,584.9,4,True,0.451,0.451
29,AVL,H,HUL,2027-03-13,2,3,1,3,5,CL,3,575.0,4,True,0.45,0.436
29,BHA,A,LEE,2027-03-13,3,2,1,3,5,UECL,2,1139.6,5,True,0.648,0.648
29,BOU,H,NEW,2027-03-13,2,2,1,3,5,EL,2,700.0,5,True,0.613,0.575
29,BRE,A,SUN,2027-03-13,3,10,0,2,3,,,387.6,7,False,0.031,-0.582
29,CHE,H,ARS,2027-03-13,4,10,0,2,3,,,0.0,7,False,0.0,-0.451
29,COV,H,MCI,2027-03-13,4,10,0,2,3,,,0.0,7,False,0.0,-0.46
29,CRY,H,FUL,2027-03-13,2,2,1,3,5,EL,2,700.0,5,True,0.613,0.612
29,EVE,A,MUN,2027-03-13,4,10,0,2,3,,,44.8,7,False,0.004,-0.446
29,FUL,A,CRY,2027-03-13,3,10,0,2,3,,,12.7,7,False,0.001,-0.612
29,HUL,A,AVL,2027-03-13,4,10,0,2,3,,,170.8,7,False,0.014,-0.436
29,IPS,A,LIV,2027-03-13,4,10,0,2,3,,,315.9,7,False,0.025,-0.425
29,LEE,H,BHA,2027-03-13,2,10,0,2,3,,,0.0,7,False,0.0,-0.648
29,LIV,H,IPS,2027-03-13,2,3,1,3,5,CL,3,575.0,4,True,0.45,0.425
29,MCI,A,COV,2027-03-13,2,3,1,3,5,CL,3,699.4,4,True,0.46,0.46
29,MUN,H,EVE,2027-03-13,3,3,1,3,5,CL,3,575.0,4,True,0.45,0.446
29,NEW,A,BOU,2027-03-13,3,10,0,2,3,,,471.8,7,False,0.038,-0.575
29,NFO,A,TOT,2027-03-13,3,10,0,2,3,,,165.3,7,False,0.013,0.013
29,SUN,H,BRE,2027-03-13,3,2,1,3,5,EL,2,700.0,5,True,0.613,0.582
29,TOT,H,NFO,2027-03-13,3,10,0,2,3,,,0.0,7,False,0.0,-0.013
30,ARS,H,SUN,2027-03-20,2,3,2,3,5,CL,3,575.0,18,True,0.45,-0.194
30,AVL,A,NFO,2027-03-20,3,3,2,3,5,CL,3,644.7,18,True,0.456,0.456
30,BHA,H,COV,2027-03-20,2,2,2,3,5,UECL,2,800.0,19,True,0.621,0.605
30,BOU,A,BRE,2027-03-20,3,2,2,3,5,EL,2,837.0,19,True,0.624,0.624
30,BRE,H,BOU,2027-03-20,3,7,1,1,3,,,0.0,21,False,0.0,-0.624
30,CHE,A,HUL,2027-03-20,2,7,1,1,3,,,252.0,21,False,0.02,0.02
30,COV,A,BHA,2027-03-20,3,7,1,1,3,,,201.5,21,False,0.016,-0.605
30,CRY,A,IPS,2027-03-20,2,2,2,3,5,EL,2,811.9,19,True,0.622,0.622
30,EVE,H,TOT,2027-03-20,3,7,1,1,3,,,0.0,21,False,0.0,-0.023
30,FUL,H,LIV,2027-03-20,4,7,1,1,3,,,0.0,21,False,0.0,-0.473
30,HUL,H,CHE,2027-03-20,4,7,1,1,3,,,0.0,21,False,0.0,-0.02
30,IPS,H,CRY,2027-03-20,3,7,1,1,3,,,0.0,21,False,0.0,-0.622
30,LEE,A,NEW,2027-03-20,3,7,1,1,3,,,133.3,21,False,0.011,0.011
30,LIV,A,FUL,2027-03-20,3,3,2,3,5,CL,3,860.9,18,True,0.473,0.473
30,MCI,H,MUN,2027-03-20,4,3,2,3,5,CL,3,575.0,18,True,0.45,-0.001
30,MUN,A,MCI,2027-03-20,5,3,2,3,5,CL,3,581.4,18,True,0.451,0.001
30,NEW,H,LEE,2027-03-20,2,7,1,1,3,,,0.0,21,False,0.0,-0.011
30,NFO,H,AVL,2027-03-20,3,7,1,1,3,,,0.0,21,False,0.0,-0.456
30,SUN,A,ARS,2027-03-20,5,2,2,3,5,EL,2,1083.1,19,True,0.644,0.194
30,TOT,A,EVE,2027-03-20,3,7,1,1,3,,,283.0,21,False,0.023,0.023
31,ARS,A,COV,2027-04-10,2,3,1,1,2,CL,3,712.4,4,True,0.431,0.431
31,AVL,H,BHA,2027-04-10,2,3,1,1,2,CL,3,575.0,4,True,0.42,-0.189
31,BHA,A,AVL,2027-04-10,4,2,1,1,2,UECL,2,1021.2,5,True,0.609,0.189
31,BOU,H,MCI,2027-04-10,4,2,1,1,2,EL,2,700.0,5,True,0.583,0.138
31,BRE,A,TOT,2027-04-10,3,21,0,0,1,,,19.9,7,False,0.002,0.002
31,CHE,H,FUL,2027-04-10,2,21,0,0,1,,,0.0,7,False,0.0,0.0
31,COV,H,ARS,2027-04-10,4,21,0,0,1,,,0.0,7,False,0.0,-0.431
31,CRY,H,EVE,2027-04-10,3,2,1,1,2,EL,2,700.0,5,True,0.583,0.559
31,EVE,A,CRY,2027-04-10,3,21,0,0,1,,,299.4,7,False,0.024,-0.559
31,FUL,A,CHE,2027-04-10,4,21,0,0,1,,,2.3,7,False,0.0,0.0
31,HUL,A,MUN,2027-04-10,4,21,0,0,1,,,130.7,7,False,0.01,-0.41
31,IPS,A,SUN,2027-04-10,3,21,0,0,1,,,359.3,7,False,0.029,-0.554
31,LEE,H,NFO,2027-04-10,3,21,0,0,1,,,0.0,7,False,0.0,-0.008
31,LIV,H,NEW,2027-04-10,2,3,1,1,2,CL,3,575.0,4,True,0.42,0.405
31,MCI,A,BOU,2027-04-10,3,3,1,1,2,CL,3,881.6,4,True,0.445,-0.138
31,MUN,H,HUL,2027-04-10,2,3,1,1,2,CL,3,575.0,4,True,0.42,0.41
31,NEW,A,LIV,2027-04-10,4,21,0,0,1,,,192.6,7,False,0.015,-0.405
31,NFO,A,LEE,2027-04-10,3,21,0,0,1,,,97.6,7,False,0.008,0.008
31,SUN,H,IPS,2027-04-10,2,2,1,1,2,EL,2,700.0,5,True,0.583,0.554
31,TOT,H,BRE,2027-04-10,3,21,0,0,1,,,0.0,7,False,0.0,-0.002
32,ARS,H,AVL,2027-04-17,3,3,2,3,3,CL,3,575.0,7,False,0.45,-0.013
32,AVL,A,ARS,2027-04-17,5,3,2,3,3,CL,3,736.3,7,False,0.463,0.013
32,BHA,H,CHE,2027-04-17,4,2,2,3,3,UECL,2,800.0,7,False,0.621,0.615
32,BOU,A,EVE,2027-04-17,3,2,2,3,3,EL,2,1010.4,7,False,0.638,0.638
32,BRE,H,LEE,2027-04-17,2,7,1,1,1,,,0.0,7,False,0.0,-0.021
32,CHE,A,BHA,2027-04-17,3,7,1,1,1,,,69.3,7,False,0.006,-0.615
32,COV,A,HUL,2027-04-17,2,7,1,1,1,,,162.8,7,False,0.013,0.013
32,CRY,A,MCI,2027-04-17,5,2,2,3,3,EL,2,972.5,7,False,0.635,0.185
32,EVE,H,BOU,2027-04-17,3,7,1,1,1,,,0.0,7,False,0.0,-0.638
32,FUL,H,SUN,2027-04-17,2,7,1,1,1,,,0.0,7,False,0.0,-0.644
32,HUL,H,COV,2027-04-17,2,7,1,1,1,,,0.0,7,False,0.0,-0.013
32,IPS,H,MUN,2027-04-17,4,7,1,1,1,,,0.0,7,False,0.0,-0.472
32,LEE,A,BRE,2027-04-17,3,7,1,1,1,,,268.6,7,False,0.021,0.021
32,LIV,A,NFO,2027-04-17,3,3,2,3,3,CL,3,708.5,7,False,0.461,0.461
32,MCI,H,CRY,2027-04-17,3,3,2,3,3,CL,3,575.0,7,False,0.45,-0.185
32,MUN,A,IPS,2027-04-17,2,3,2,3,3,CL,3,854.2,7,False,0.472,0.472
32,NEW,H,TOT,2027-04-17,3,7,1,1,1,,,0.0,7,False,0.0,-0.031
32,NFO,H,LIV,2027-04-17,4,7,1,1,1,,,0.0,7,False,0.0,-0.461
32,SUN,A,FUL,2027-04-17,3,2,2,3,3,EL,2,1090.2,7,False,0.644,0.644
32,TOT,A,NEW,2027-04-17,3,7,1,1,1,,,388.9,7,False,0.031,0.031
33,ARS,A,BOU,2027-04-24,3,7,1,3,4,CL,,151.2,4,True,0.042,0.012
33,AVL,H,COV,2027-04-24,2,7,1,3,4,CL,,0.0,4,True,0.03,0.028
33,BHA,A,EVE,2027-04-24,3,7,1,3,4,UECL,,347.5,5,True,0.058,0.058
33,BOU,H,ARS,2027-04-24,4,7,1,3,4,EL,,0.0,5,True,0.03,-0.012
33,BRE,H,FUL,2027-04-24,2,7,1,2,2,,,0.0,7,False,0.0,0.0
33,CHE,H,MCI,2027-04-24,4,7,1,2,2,,,0.0,7,False,0.0,-0.051
33,COV,A,AVL,2027-04-24,4,7,1,2,2,,,27.2,7,False,0.002,-0.028
33,CRY,A,MUN,2027-04-24,4,7,1,3,4,EL,,274.0,5,True,0.052,0.022
33,EVE,H,BHA,2027-04-24,2,7,1,2,2,,,0.0,7,False,0.0,-0.058
33,FUL,A,BRE,2027-04-24,3,7,1,2,2,,,5.0,7,False,0.0,0.0
33,HUL,A,TOT,2027-04-24,3,7,1,2,2,,,239.0,7,False,0.019,0.019
33,IPS,A,NEW,2027-04-24,3,7,1,2,2,,,372.7,7,False,0.03,0.03
33,LEE,H,LIV,2027-04-24,4,7,1,2,2,,,0.0,7,False,0.0,-0.038
33,LIV,A,LEE,2027-04-24,3,7,1,3,4,CL,,99.4,4,True,0.038,0.038
33,MCI,A,CHE,2027-04-24,4,7,1,3,4,CL,,260.8,4,True,0.051,0.051
33,MUN,H,CRY,2027-04-24,3,7,1,3,4,CL,,0.0,4,True,0.03,-0.022
33,NEW,H,IPS,2027-04-24,2,7,1,2,2,,,0.0,7,False,0.0,-0.03
33,NFO,H,SUN,2027-04-24,2,7,1,2,2,,,0.0,7,False,0.0,-0.048
33,SUN,A,NFO,2027-04-24,3,7,1,3,4,EL,,220.1,5,True,0.048,0.048
33,TOT,H,HUL,2027-04-24,2,7,1,2,2,,,0.0,7,False,0.0,-0.019
34,ARS,H,TOT,2027-05-01,3,3,2,3,5,CL,3,575.0,4,True,0.45,0.45
34,AVL,A,CRY,2027-05-01,3,3,2,3,5,CL,3,749.5,4,True,0.464,-0.149
34,BHA,H,NFO,2027-05-01,3,2,2,3,5,UECL,2,800.0,5,True,0.621,0.602
34,BOU,A,HUL,2027-05-01,2,2,2,3,5,EL,2,1049.4,5,True,0.641,0.641
34,BRE,A,MCI,2027-05-01,5,7,1,2,3,,,256.5,7,False,0.021,-0.429
34,CHE,A,LIV,2027-05-01,4,7,1,2,3,,,286.7,7,False,0.023,-0.427
34,COV,H,MUN,2027-05-01,4,7,1,2,3,,,0.0,7,False,0.0,-0.46
34,CRY,H,AVL,2027-05-01,3,2,2,3,5,EL,2,700.0,5,True,0.613,0.149
34,EVE,A,FUL,2027-05-01,3,7,1,2,3,,,286.8,7,False,0.023,0.023
34,FUL,H,EVE,2027-05-01,3,7,1,2,3,,,0.0,7,False,0.0,-0.023
34,HUL,H,BOU,2027-05-01,3,7,1,2,3,,,0.0,7,False,0.0,-0.641
34,IPS,H,LEE,2027-05-01,2,7,1,2,3,,,0.0,7,False,0.0,-0.021
34,LEE,A,IPS,2027-05-01,2,7,1,2,3,,,264.3,7,False,0.021,0.021
34,LIV,H,CHE,2027-05-01,4,3,2,3,5,CL,3,575.0,4,True,0.45,0.427
34,MCI,H,BRE,2027-05-01,3,3,2,3,5,CL,3,575.0,4,True,0.45,0.429
34,MUN,A,COV,2027-05-01,2,3,2,3,5,CL,3,699.8,4,True,0.46,0.46
34,NEW,A,SUN,2027-05-01,3,7,1,2,3,,,16.5,7,False,0.001,-0.612
34,NFO,A,BHA,2027-05-01,3,7,1,2,3,,,242.0,7,False,0.019,-0.602
34,SUN,H,NEW,2027-05-01,2,2,2,3,5,EL,2,700.0,5,True,0.613,0.612
34,TOT,A,ARS,2027-05-01,5,7,1,2,3,,,6.2,7,False,0.0,-0.45
35,ARS,A,LEE,2027-05-08,3,3,2,4,5,CL,3,841.2,7,False,0.501,0.501
35,AVL,A,BRE,2027-05-08,3,3,2,4,5,CL,3,732.3,7,False,0.493,0.493
35,BHA,H,SUN,2027-05-08,2,2,2,4,5,UECL,2,800.0,7,False,0.651,-0.029
35,BOU,H,MUN,2027-05-08,4,2,2,4,5,EL,2,700.0,7,False,0.643,0.139
35,BRE,H,AVL,2027-05-08,3,7,1,2,3,,,0.0,7,False,0.0,-0.493
35,CHE,A,TOT,2027-05-08,3,7,1,2,3,,,16.1,7,False,0.001,0.001
35,COV,A,NEW,2027-05-08,3,7,1,2,3,,,281.2,7,False,0.022,0.022
35,CRY,A,NFO,2027-05-08,3,2,2,4,5,EL,2,885.7,7,False,0.658,0.658
35,EVE,H,HUL,2027-05-08,2,7,1,2,3,,,0.0,7,False,0.0,-0.014
35,FUL,H,IPS,2027-05-08,2,7,1,2,3,,,0.0,7,False,0.0,-0.009
35,HUL,A,EVE,2027-05-08,3,7,1,2,3,,,174.8,7,False,0.014,0.014
35,IPS,A,FUL,2027-05-08,3,7,1,2,3,,,114.1,7,False,0.009,0.009
35,LEE,H,ARS,2027-05-08,4,7,1,2,3,,,0.0,7,False,0.0,-0.501
35,LIV,A,MCI,2027-05-08,5,3,2,4,5,CL,3,625.7,7,False,0.484,0.004
35,MCI,H,LIV,2027-05-08,4,3,2,4,5,CL,3,575.0,7,False,0.48,-0.004
35,MUN,A,BOU,2027-05-08,3,3,2,4,5,CL,3,879.9,7,False,0.504,-0.139
35,NEW,H,COV,2027-05-08,2,7,1,2,3,,,0.0,7,False,0.0,-0.022
35,NFO,H,CRY,2027-05-08,3,7,1,2,3,,,0.0,7,False,0.0,-0.658
35,SUN,A,BHA,2027-05-08,3,2,2,4,5,EL,2,1159.0,7,False,0.68,0.029
35,TOT,H,CHE,2027-05-08,4,7,1,2,3,,,0.0,7,False,0.0,-0.001
36,ARS,H,NFO,2027-05-15,3,7,1,3,5,CL,,0.0,8,False,0.03,0.016
36,AVL,H,NEW,2027-05-15,2,7,1,3,5,CL,,0.0,8,False,0.03,0.008
36,BHA,A,CRY,2027-05-15,3,7,1,3,5,UECL,,59.6,8,False,0.035,0.005
36,BOU,A,SUN,2027-05-15,3,7,1,3,5,EL,,465.7,8,False,0.067,0.037
36,BRE,A,LIV,2027-05-15,4,7,1,2,3,,,281.6,8,False,0.023,-0.007
36,CHE,H,EVE,2027-05-15,3,7,1,2,3,,,0.0,8,False,0.0,-0.023
36,COV,H,TOT,2027-05-15,3,7,1,2,3,,,0.0,8,False,0.0,-0.011
36,CRY,H,BHA,2027-05-15,2,7,1,3,5,EL,,0.0,8,False,0.03,-0.005
36,EVE,A,CHE,2027-05-15,4,7,1,2,3,,,287.5,8,False,0.023,0.023
36,FUL,A,HUL,2027-05-15,2,7,1,2,3,,,252.7,8,False,0.02,0.02
36,HUL,H,FUL,2027-05-15,2,7,1,2,3,,,0.0,8,False,0.0,-0.02
36,IPS,H,MCI,2027-05-15,4,7,1,2,3,,,0.0,8,False,0.0,-0.052
36,LEE,A,MUN,2027-05-15,4,7,1,2,3,,,59.0,8,False,0.005,-0.025
36,LIV,H,BRE,2027-05-15,3,7,1,3,5,CL,,0.0,8,False,0.03,0.007
36,MCI,A,IPS,2027-05-15,2,7,1,3,5,CL,,275.4,8,False,0.052,0.052
36,MUN,H,LEE,2027-05-15,2,7,1,3,5,CL,,0.0,8,False,0.03,0.025
36,NEW,A,AVL,2027-05-15,4,7,1,2,3,,,274.9,8,False,0.022,-0.008
36,NFO,A,ARS,2027-05-15,5,7,1,2,3,,,169.1,8,False,0.014,-0.016
36,SUN,H,BOU,2027-05-15,3,7,1,3,5,EL,,0.0,8,False,0.03,-0.037
36,TOT,A,COV,2027-05-15,2,7,1,2,3,,,135.6,8,False,0.011,0.011
37,ARS,A,EVE,2027-05-23,3,8,0,1,3,CL,,285.1,7,False,0.023,0.023
37,AVL,A,MCI,2027-05-23,5,8,0,1,3,CL,,110.3,7,False,0.009,0.009
37,BHA,H,LIV,2027-05-23,4,8,0,1,3,UECL,,0.0,7,False,0.0,-0.028
37,BOU,H,CHE,2027-05-23,4,8,0,1,3,EL,,0.0,7,False,0.0,-0.011
37,BRE,H,HUL,2027-05-23,2,8,0,1,2,,,0.0,7,False,0.0,-0.02
37,CHE,A,BOU,2027-05-23,3,8,0,1,2,,,141.8,7,False,0.011,0.011
37,COV,A,FUL,2027-05-23,3,8,0,1,2,,,139.0,7,False,0.011,0.011
37,CRY,A,NEW,2027-05-23,3,8,0,1,3,EL,,410.8,7,False,0.033,0.033
37,EVE,H,ARS,2027-05-23,4,8,0,1,2,,,0.0,7,False,0.0,-0.023
37,FUL,H,COV,2027-05-23,2,8,0,1,2,,,0.0,7,False,0.0,-0.011
37,HUL,A,BRE,2027-05-23,3,8,0,1,2,,,250.8,7,False,0.02,0.02
37,IPS,A,NFO,2027-05-23,3,8,0,1,2,,,182.9,7,False,0.015,0.015
37,LEE,H,SUN,2027-05-23,2,8,0,1,2,,,0.0,7,False,0.0,-0.01
37,LIV,A,BHA,2027-05-23,3,8,0,1,3,CL,,346.5,7,False,0.028,0.028
37,MCI,H,AVL,2027-05-23,3,8,0,1,3,CL,,0.0,7,False,0.0,-0.009
37,MUN,A,TOT,2027-05-23,3,8,0,1,3,CL,,255.7,7,False,0.02,0.02
37,NEW,H,CRY,2027-05-23,3,8,0,1,2,,,0.0,7,False,0.0,-0.033
37,NFO,H,IPS,2027-05-23,2,8,0,1,2,,,0.0,7,False,0.0,-0.015
37,SUN,A,LEE,2027-05-23,3,8,0,1,3,EL,,126.9,7,False,0.01,0.01
37,TOT,H,MUN,2027-05-23,4,8,0,1,2,,,0.0,7,False,0.0,-0.02
38,ARS,H,BHA,2027-05-30,2,7,1,1,2,CL,,0.0,,,0.0,-0.006
38,AVL,H,TOT,2027-05-30,3,7,1,1,2,CL,,0.0,,,0.0,-0.013
38,BHA,A,ARS,2027-05-30,5,7,1,1,2,UECL,,77.1,,,0.006,0.006
38,BOU,A,LIV,2027-05-30,4,7,1,1,2,EL,,309.4,,,0.025,0.025
38,BRE,A,CHE,2027-05-30,4,7,1,1,2,,,6.9,,,0.001,0.001
38,CHE,H,BRE,2027-05-30,3,7,1,1,2,,,0.0,,,0.0,-0.001
38,COV,H,NFO,2027-05-30,3,7,1,1,2,,,0.0,,,0.0,-0.005
38,CRY,H,LEE,2027-05-30,2,7,1,1,2,EL,,0.0,,,0.0,-0.023
38,EVE,A,IPS,2027-05-30,2,7,1,1,2,,,316.6,,,0.025,0.025
38,FUL,A,MUN,2027-05-30,4,7,1,1,2,,,261.7,,,0.021,0.021
38,HUL,H,NEW,2027-05-30,2,7,1,1,2,,,0.0,,,0.0,-0.013
38,IPS,H,EVE,2027-05-30,3,7,1,1,2,,,0.0,,,0.0,-0.025
38,LEE,A,CRY,2027-05-30,3,7,1,1,2,,,283.0,,,0.023,0.023
38,LIV,H,BOU,2027-05-30,3,7,1,1,2,CL,,0.0,,,0.0,-0.025
38,MCI,A,SUN,2027-05-30,3,7,1,1,2,CL,,167.7,,,0.013,0.013
38,MUN,H,FUL,2027-05-30,2,7,1,1,2,CL,,0.0,,,0.0,-0.021
38,NEW,A,HUL,2027-05-30,2,7,1,1,2,,,159.1,,,0.013,0.013
38,NFO,A,COV,2027-05-30,2,7,1,1,2,,,59.9,,,0.005,0.005
38,SUN,H,MCI,2027-05-30,4,7,1,1,2,EL,,0.0,,,0.0,-0.013
38,TOT,A,AVL,2027-05-30,4,7,1,1,2,,,160.0,,,0.013,0.013
