team,GW7,GW8,GW9,GW10,GW11,GW12,GW13,GW14
ARS,NFO(A) 3,EVE(H) 3,LIV(A) 4,HUL(H) 2,NEW(A) 3,MCI(H) 4,BRE(A) 3,TOT(A) 3
AVL,NEW(A) 3,MCI(H) 4,FUL(H) 2,MUN(A) 4,SUN(H) 3,IPS(A) 2,EVE(H) 3,CRY(H) 2
BHA,CRY(H) 2,LIV(A) 4,MCI(A) 5,BRE(H) 3,HUL(A) 2,NEW(H) 3,BOU(A) 3,NFO(A) 3
BOU,SUN(H) 3,MUN(A) 4,LEE(H) 3,IPS(A) 2,NFO(H) 3,FUL(A) 3,BHA(H) 3,HUL(H) 2
BRE,LIV(H) 4,HUL(A) 2,NFO(H) 3,BHA(A) 4,EVE(H) 3,MUN(A) 4,ARS(H) 4,MCI(H) 4
CHE,EVE(A) 3,TOT(H) 2,MUN(H) 4,SUN(A) 3,LEE(H) 3,NFO(A) 3,CRY(H) 2,LIV(H) 4
COV,TOT(A) 3,FUL(H) 2,SUN(H) 3,EVE(A) 3,CRY(H) 2,LEE(A) 3,IPS(H) 2,MUN(A) 4
CRY,BHA(A) 4,NEW(H) 3,TOT(A) 3,LIV(H) 4,COV(A) 2,HUL(H) 2,CHE(A) 4,AVL(A) 3
EVE,CHE(H) 4,ARS(A) 5,NEW(A) 3,COV(H) 2,BRE(A) 3,LIV(H) 4,AVL(A) 3,FUL(H) 2
FUL,HUL(H) 2,COV(A) 2,AVL(A) 3,NEW(H) 3,MCI(A) 5,BOU(H) 3,TOT(A) 3,EVE(A) 3
HUL,FUL(A) 3,BRE(H) 3,IPS(H) 2,ARS(A) 5,BHA(H) 3,CRY(A) 3,NFO(H) 3,BOU(A) 3
IPS,MCI(A) 5,NFO(H) 3,HUL(A) 2,BOU(H) 3,TOT(A) 3,AVL(H) 3,COV(A) 2,LEE(A) 3
LEE,MUN(H) 4,SUN(A) 3,BOU(A) 3,TOT(H) 2,CHE(A) 4,COV(H) 2,MCI(A) 5,IPS(H) 2
LIV,BRE(A) 3,BHA(H) 3,ARS(H) 4,CRY(A) 3,MUN(H) 4,EVE(A) 3,SUN(H) 3,CHE(A) 4
MCI,IPS(H) 2,AVL(A) 3,BHA(H) 3,NFO(A) 3,FUL(H) 2,ARS(A) 5,LEE(H) 3,BRE(A) 3
MUN,LEE(A) 3,BOU(H) 3,CHE(A) 4,AVL(H) 3,LIV(A) 4,BRE(H) 3,NEW(A) 3,COV(H) 2
NEW,AVL(H) 3,CRY(A) 3,EVE(H) 3,FUL(A) 3,ARS(H) 4,BHA(A) 4,MUN(H) 4,SUN(H) 3
NFO,ARS(H) 4,IPS(A) 2,BRE(A) 3,MCI(H) 4,BOU(A) 3,CHE(H) 4,HUL(A) 2,BHA(H) 3
SUN,BOU(A) 3,LEE(H) 3,COV(A) 2,CHE(H) 4,AVL(A) 3,TOT(H) 2,LIV(A) 4,NEW(A) 3
TOT,COV(H) 2,CHE(A) 4,CRY(H) 2,LEE(A) 3,IPS(H) 2,SUN(A) 3,FUL(H) 2,ARS(H) 4
