stamp_utc,id,web_name,team_short,pos,old_price,new_price,delta,selected_by_percent
2026-08-30_0116Z,155,Enzo,CHE,MID,7.0,6.9,-0.1,4.2
2026-08-30_0116Z,53,Manzambi,AVL,MID,6.0,5.9,-0.1,0.2
2026-08-30_0116Z,336,Okafor,LEE,MID,6.0,5.9,-0.1,0.4
2026-08-30_0116Z,461,Touré,NEW,MID,6.0,5.9,-0.1,0.2
2026-08-30_0116Z,490,Wood,NFO,FWD,6.0,5.9,-0.1,1.5
2026-08-30_0116Z,391,Gvardiol,MCI,DEF,5.5,5.6,0.1,15.3
2026-08-30_0116Z,159,Caicedo,CHE,MID,5.5,5.4,-0.1,2.7
2026-08-30_0116Z,22,Nwaneri,ARS,MID,5.5,5.4,-0.1,0.0
2026-08-30_0116Z,152,Palestra,CHE,DEF,5.5,5.4,-0.1,2.0
2026-08-30_0116Z,448,Burn,NEW,DEF,5.0,4.9,-0.1,1.5
2026-08-31_0015Z,78,Kroupi.Jr,BOU,MID,7.5,7.4,-0.1,0.3
2026-08-31_0015Z,157,Estêvão,CHE,MID,6.5,6.4,-0.1,1.0
2026-08-31_0015Z,454,Elanga,NEW,MID,6.0,6.1,0.1,5.0
2026-08-31_0015Z,464,Wissa,NEW,FWD,6.0,6.1,0.1,6.7
2026-08-31_0015Z,542,E.Le Fée,SUN,MID,6.0,5.9,-0.1,7.7
2026-08-31_0015Z,525,Fernandes,TOT,MID,6.0,5.9,-0.1,1.5
2026-08-31_0015Z,160,Garnacho,AVL,MID,6.0,5.9,-0.1,0.5
2026-08-31_0015Z,158,Gittens,CHE,MID,6.0,5.9,-0.1,0.0
2026-08-31_0015Z,527,Richarlison,TOT,FWD,6.0,5.9,-0.1,2.4
2026-08-31_0015Z,514,Tel,TOT,MID,6.0,5.9,-0.1,0.4
2026-08-31_0015Z,136,Welbeck,CHE,FWD,6.0,5.9,-0.1,0.9
2026-08-31_0015Z,248,Beto,EVE,FWD,5.5,5.4,-0.1,2.1
2026-08-31_0015Z,370,Chiesa,LIV,MID,5.5,5.4,-0.1,0.1
2026-08-31_0015Z,245,Dibling,EVE,MID,5.5,5.4,-0.1,0.0
2026-08-31_0015Z,519,Gallagher,TOT,MID,5.5,5.4,-0.1,0.3
2026-08-31_0015Z,201,Muñoz,CRY,DEF,5.5,5.4,-0.1,7.5
2026-08-31_0015Z,164,Quenda,CHE,MID,5.5,5.4,-0.1,0.0
2026-08-31_0015Z,193,Wright,COV,FWD,5.5,5.4,-0.1,0.1
2026-08-31_0015Z,77,Adli,BOU,MID,5.0,4.9,-0.1,0.0
2026-08-31_0015Z,187,Eccles,COV,MID,5.0,4.9,-0.1,0.0
2026-08-31_0015Z,231,Keane,EVE,DEF,5.0,4.9,-0.1,1.3
2026-08-31_0015Z,232,O'Brien,EVE,DEF,5.0,4.9,-0.1,0.4
2026-08-31_0015Z,31,Konsa,ARS,DEF,4.5,4.4,-0.1,10.4
2026-09-01_0725Z,55,Watkins,AVL,FWD,7.9,7.8,-0.1,6.1
2026-09-01_0725Z,399,Cherki,MCI,MID,7.6,7.7,0.1,21.8
2026-09-01_0725Z,223,Mateta,CRY,FWD,6.5,6.4,-0.1,3.5
2026-09-01_0725Z,27,G.Jesus,ARS,FWD,6.0,5.9,-0.1,0.3
2026-09-01_0725Z,457,J.Murphy,NEW,MID,6.0,5.9,-0.1,0.1
2026-09-01_0725Z,209,Johnson,EVE,MID,6.0,5.9,-0.1,0.1
2026-09-01_0725Z,369,Ngumoha,LIV,MID,6.0,5.9,-0.1,0.9
2026-09-01_0725Z,526,Solanke,TOT,FWD,6.0,5.9,-0.1,1.2
2026-09-01_0725Z,463,Woltemade,NEW,FWD,6.0,5.9,-0.1,1.4
2026-09-01_0725Z,383,Elliott,LIV,MID,5.5,5.4,-0.1,0.1
2026-09-01_0725Z,484,Hutchinson,NFO,MID,5.5,5.4,-0.1,0.1
2026-09-01_0725Z,458,Joelinton,NEW,MID,5.5,5.4,-0.1,0.0
2026-09-01_0725Z,578,Mudryk,CHE,MID,5.5,5.4,-0.1,0.0
2026-09-01_0725Z,549,Talbi,SUN,MID,5.5,5.4,-0.1,0.2
2026-09-01_0725Z,455,Tonali,TOT,MID,5.5,5.4,-0.1,3.2
2026-09-01_0725Z,218,Doucouré,CRY,MID,5.0,4.9,-0.1,0.1
2026-09-01_0725Z,410,Monga,MCI,MID,5.0,4.9,-0.1,0.0
2026-09-01_0725Z,140,Sánchez,CHE,GKP,5.0,4.9,-0.1,1.8
2026-09-01_0725Z,345,Tanaka,LEE,MID,5.0,4.9,-0.1,0.2
2026-09-01_0725Z,85,Van den Berg,BRE,DEF,5.0,4.9,-0.1,0.1
2026-09-01_0725Z,420,Yoro,MUN,DEF,5.0,4.9,-0.1,0.6
2026-09-01_0725Z,115,De Cuyper,BHA,DEF,4.6,4.7,0.1,13.1
2026-09-01_0725Z,279,Ajayi,HUL,DEF,4.0,4.1,0.1,6.3
2026-09-01_2351Z,165,João Pedro,CHE,FWD,7.6,7.7,0.1,69.9
2026-09-01_2351Z,25,Gyökeres,ARS,FWD,7.4,7.3,-0.1,5.4
2026-09-01_2351Z,260,Wilson,LEE,MID,6.5,6.4,-0.1,4.6
2026-09-01_2351Z,18,Martinelli,ARS,MID,6.4,6.3,-0.1,0.2
2026-09-01_2351Z,208,Sarr,CRY,MID,6.4,6.3,-0.1,1.5
2026-09-01_2351Z,552,Brobbey,SUN,FWD,6.0,5.9,-0.1,10.4
2026-09-01_2351Z,491,Igor Jesus,NFO,FWD,6.0,5.9,-0.1,3.2
2026-09-01_2351Z,498,Senesi,TOT,DEF,6.0,5.9,-0.1,6.2
2026-09-01_2351Z,565,M.Sangaré,BRE,MID,5.6,5.7,0.1,12.5
2026-09-01_2351Z,579,Araujo,LIV,DEF,5.5,5.4,-0.1,2.3
2026-09-01_2351Z,318,Philogene,IPS,MID,5.5,5.4,-0.1,0.1
2026-09-01_2351Z,449,Hall,NEW,DEF,5.0,5.1,0.1,7.9
2026-09-01_2351Z,407,Echeverri,MCI,MID,5.0,4.9,-0.1,0.0
2026-09-01_2351Z,213,Lerma,CRY,MID,5.0,4.9,-0.1,0.1
2026-09-01_2351Z,450,Livramento,NEW,DEF,5.0,4.9,-0.1,0.0
2026-09-01_2351Z,324,Mehmeti,IPS,MID,5.0,4.9,-0.1,0.0
2026-09-01_2351Z,21,Nørgaard,EVE,MID,5.0,4.9,-0.1,0.1
2026-09-01_2351Z,314,Ogbene,IPS,MID,5.0,4.9,-0.1,0.0
2026-09-01_2351Z,185,Sakamoto,COV,MID,5.0,4.9,-0.1,0.1
2026-09-01_2351Z,207,Mingueza,CRY,DEF,4.5,4.4,-0.1,0.1
2026-09-02_2353Z,452,Bruno G.,ARS,MID,6.9,6.8,-0.1,2.2
2026-09-02_2353Z,465,Osula,NEW,FWD,6.0,5.9,-0.1,0.6
2026-09-02_2353Z,43,Tielemans,MUN,MID,6.0,5.9,-0.1,2.1
2026-09-02_2353Z,431,Amad,MUN,MID,5.9,5.8,-0.1,0.6
2026-09-02_2353Z,44,Bailey,AVL,MID,5.5,5.4,-0.1,0.1
2026-09-02_2353Z,263,Kevin,FUL,MID,5.5,5.4,-0.1,0.0
2026-09-02_2353Z,162,Andrey Santos,MUN,MID,5.0,4.9,-0.1,0.8
2026-09-02_2353Z,203,Canvot,CRY,DEF,5.0,4.9,-0.1,0.3
2026-09-02_2353Z,488,I.Sangaré,NFO,MID,5.0,4.9,-0.1,0.6
2026-09-02_2353Z,351,Mamardashvili,LIV,GKP,5.0,4.9,-0.1,0.1
2026-09-02_2353Z,112,Van Hecke,TOT,DEF,5.0,4.9,-0.1,7.8
2026-09-02_2353Z,572,Tzolakis,HUL,GKP,4.5,4.6,0.1,7.0
2026-09-03_2350Z,367,Gakpo,LIV,MID,7.0,7.1,0.1,8.4
2026-09-03_2350Z,16,Madueke,ARS,MID,6.4,6.3,-0.1,0.3
2026-09-03_2350Z,389,Matheus N.,MCI,DEF,6.0,5.9,-0.1,1.0
2026-09-03_2350Z,8,Calafiori,ARS,DEF,5.6,5.7,0.1,44.1
2026-09-03_2350Z,129,Ayari,BHA,MID,5.5,5.4,-0.1,0.5
2026-09-03_2350Z,520,Bergvall,TOT,MID,5.5,5.4,-0.1,0.2
2026-09-03_2350Z,581,Diomande,NFO,DEF,5.5,5.4,-0.1,0.6
2026-09-03_2350Z,493,Kalimuendo,NFO,FWD,5.5,5.4,-0.1,0.0
2026-09-03_2350Z,186,Mason-Clark,COV,MID,5.5,5.4,-0.1,0.1
2026-09-03_2350Z,45,McGinn,AVL,MID,5.5,5.4,-0.1,2.5
2026-09-03_2350Z,430,Mount,MUN,MID,5.5,5.4,-0.1,0.0
2026-09-03_2350Z,188,Torp,COV,MID,5.5,5.4,-0.1,0.1
2026-09-03_2350Z,571,Florentino,IPS,MID,5.0,4.9,-0.1,0.1
2026-09-03_2350Z,102,Yarmoliuk,BRE,MID,5.0,4.9,-0.1,0.9
2026-09-03_2350Z,292,Ömür,HUL,MID,5.0,4.9,-0.1,0.0
2026-09-04_2347Z,428,Cunha,MUN,MID,8.0,7.9,-0.1,7.8
2026-09-04_2347Z,427,Mbeumo,MUN,MID,8.0,7.9,-0.1,26.9
2026-09-04_2347Z,399,Cherki,MCI,MID,7.7,7.8,0.1,30.5
2026-09-04_2347Z,366,Wirtz,LIV,MID,7.5,7.4,-0.1,9.6
2026-09-04_2347Z,95,O.Dango,BRE,MID,6.5,6.4,-0.1,0.8
2026-09-04_2347Z,121,Mitoma,BHA,MID,6.0,5.9,-0.1,0.0
2026-09-04_2347Z,237,Ndiaye,MCI,MID,6.0,5.9,-0.1,11.6
2026-09-04_2347Z,337,Aaronson,LEE,MID,5.5,5.4,-0.1,0.7
2026-09-04_2347Z,543,Diarra,SUN,MID,5.5,5.4,-0.1,0.0
2026-09-04_2347Z,406,Kovačić,MCI,MID,5.5,5.4,-0.1,0.1
2026-09-04_2347Z,562,Maeda,IPS,MID,5.5,5.4,-0.1,0.3
2026-09-04_2347Z,262,Smith Rowe,FUL,MID,5.5,5.4,-0.1,0.3
2026-09-04_2347Z,9,Hincapie,ARS,DEF,5.4,5.3,-0.1,1.2
2026-09-04_2347Z,535,Alderete,SUN,DEF,5.0,4.9,-0.1,0.3
2026-09-04_2347Z,2,Arrizabalaga,ARS,GKP,5.0,4.9,-0.1,0.1
2026-09-04_2347Z,583,Chavarria,CHE,DEF,5.0,4.9,-0.1,0.2
2026-09-04_2347Z,149,Colwill,CHE,DEF,5.0,4.9,-0.1,1.2
2026-09-04_2347Z,574,Hjertø-Dahl,HUL,MID,5.0,4.9,-0.1,0.1
2026-09-04_2347Z,456,J.Ramsey,NEW,MID,5.0,4.9,-0.1,0.3
2026-09-04_2347Z,339,Longstaff,LEE,MID,5.0,4.9,-0.1,0.1
2026-09-04_2347Z,3,Meslier,ARS,GKP,5.0,4.9,-0.1,0.0
2026-09-04_2347Z,375,Nyoni,LIV,MID,5.0,4.9,-0.1,0.0
2026-09-04_2347Z,135,Yohanna,BHA,MID,5.0,4.9,-0.1,0.1
2026-09-04_2347Z,421,Heaven,MUN,DEF,4.5,4.4,-0.1,0.3
2026-09-05_2336Z,397,Semenyo,MCI,MID,8.5,8.4,-0.1,19.1
2026-09-05_2336Z,13,Rice,ARS,MID,7.5,7.4,-0.1,14.1
2026-09-05_2336Z,464,Wissa,NEW,FWD,6.1,6.2,0.1,16.0
2026-09-05_2336Z,371,Gravenberch,LIV,MID,6.0,5.9,-0.1,1.6
2026-09-05_2336Z,249,Barry,EVE,FWD,5.5,5.6,0.1,5.1
2026-09-05_2336Z,357,Frimpong,LIV,DEF,5.5,5.4,-0.1,2.8
2026-09-05_2336Z,142,James,CHE,DEF,5.5,5.4,-0.1,8.0
2026-09-05_2336Z,241,McNeil,CRY,MID,5.5,5.4,-0.1,0.1
2026-09-05_2336Z,559,Bamba,NEW,MID,5.0,4.9,-0.1,0.1
2026-09-05_2336Z,417,Dalot,MUN,DEF,5.0,4.9,-0.1,2.1
2026-09-05_2336Z,487,Dominguez,NFO,MID,5.0,4.9,-0.1,0.1
2026-09-05_2336Z,462,Steur,NEW,MID,5.0,4.9,-0.1,0.1
2026-09-05_2336Z,329,Rodon,LEE,DEF,4.5,4.4,-0.1,2.1
2026-09-05_2336Z,147,Tosin,TOT,DEF,4.5,4.4,-0.1,0.2
2026-09-06_2334Z,106,Thiago,BRE,FWD,8.0,7.9,-0.1,12.6
2026-09-06_2334Z,40,Rogers,CHE,MID,7.5,7.6,0.1,26.8
2026-09-06_2334Z,380,Ekitiké,LIV,FWD,7.5,7.4,-0.1,0.1
2026-09-06_2334Z,367,Gakpo,LIV,MID,7.1,7.2,0.1,12.2
2026-09-06_2334Z,67,Rayan,BOU,MID,6.5,6.4,-0.1,2.1
2026-09-06_2334Z,481,Anderson,MCI,MID,6.4,6.3,-0.1,4.8
2026-09-06_2334Z,369,Ngumoha,LIV,MID,5.9,5.8,-0.1,0.7
2026-09-06_2334Z,584,Hamer,COV,MID,5.5,5.4,-0.1,0.1
2026-09-06_2334Z,358,Kerkez,LIV,DEF,5.5,5.4,-0.1,2.9
2026-09-06_2334Z,372,Mac Allister,LIV,MID,5.5,5.4,-0.1,1.4
2026-09-06_2334Z,11,Mosquera,ARS,DEF,5.5,5.4,-0.1,3.9
2026-09-06_2334Z,271,Muniz,FUL,FWD,5.5,5.4,-0.1,0.5
2026-09-06_2334Z,347,Nmecha,LEE,FWD,5.5,5.4,-0.1,0.5
2026-09-06_2334Z,20,Dowman,ARS,MID,5.4,5.3,-0.1,0.1
2026-09-06_2334Z,532,Ballard,SUN,DEF,5.0,4.9,-0.1,3.7
2026-09-06_2334Z,72,Gannon-Doak,BOU,MID,5.0,4.9,-0.1,0.1
2026-09-06_2334Z,547,Mundle,SUN,MID,5.0,4.9,-0.1,0.0
2026-09-06_2334Z,104,Onyeka,COV,MID,5.0,4.9,-0.1,0.1
2026-09-06_2334Z,442,Pope,NEW,GKP,5.0,4.9,-0.1,1.1
2026-09-06_2334Z,548,Rigg,SUN,MID,5.0,4.9,-0.1,0.1
2026-09-06_2334Z,364,Tsimikas,LIV,DEF,5.0,4.9,-0.1,0.1
2026-09-06_2334Z,575,Yirenkyi,COV,MID,5.0,4.9,-0.1,0.2
2026-09-06_2334Z,65,J.Araujo,BOU,DEF,4.5,4.4,-0.1,0.0
2026-09-06_2334Z,423,Shaw,MUN,DEF,4.5,4.4,-0.1,14.6
2026-09-06_2334Z,277,Egan,HUL,DEF,4.0,4.1,0.1,6.0
2026-09-08_0001Z,379,Isak,LIV,FWD,9.0,9.1,0.1,19.9
2026-09-08_0001Z,557,Tzolis,ARS,MID,6.5,6.4,-0.1,17.6
2026-09-08_0001Z,41,Buendía,AVL,MID,6.0,5.9,-0.1,1.0
2026-09-08_0001Z,415,Dorgu,MUN,MID,5.9,5.8,-0.1,0.7
2026-09-08_0001Z,392,Aït-Nouri,MCI,DEF,5.4,5.3,-0.1,0.5
2026-09-08_0001Z,435,Lacey,MUN,MID,5.0,4.9,-0.1,0.1
2026-09-08_0001Z,418,Maguire,MUN,DEF,5.0,4.9,-0.1,12.7
2026-09-08_0001Z,310,Matusiwa,IPS,MID,5.0,4.9,-0.1,0.0
2026-09-08_0001Z,115,De Cuyper,BHA,DEF,4.7,4.8,0.1,19.4
2026-09-08_2353Z,515,Maddison,TOT,MID,6.4,6.3,-0.1,0.5
2026-09-08_2353Z,260,Wilson,LEE,MID,6.4,6.3,-0.1,3.3
2026-09-08_2353Z,6,Saliba,ARS,DEF,6.0,5.9,-0.1,0.2
2026-09-08_2353Z,514,Tel,TOT,MID,5.9,5.8,-0.1,0.3
2026-09-08_2353Z,101,Henderson,CHE,MID,5.0,4.9,-0.1,0.0
2026-09-08_2353Z,256,Tete,FUL,DEF,4.5,4.4,-0.1,0.2
2026-09-09_2352Z,525,Fernandes,TOT,MID,5.9,5.8,-0.1,1.0
2026-09-09_2352Z,461,Touré,NEW,MID,5.9,5.8,-0.1,0.1
2026-09-09_2352Z,124,Groß,BHA,MID,5.5,5.6,0.1,16.3
2026-09-09_2352Z,434,J.Fletcher,MUN,MID,5.0,4.9,-0.1,0.0
2026-09-09_2352Z,219,J.Rak-Sakyi,CRY,MID,5.0,4.9,-0.1,0.0
2026-09-09_2352Z,545,Sadiki,SUN,MID,5.0,4.9,-0.1,0.3
2026-09-09_2352Z,422,Mazraoui,MUN,DEF,4.5,4.4,-0.1,0.6
2026-09-10_2348Z,154,Palmer,CHE,MID,9.6,9.7,0.1,24.0
2026-09-10_2348Z,25,Gyökeres,ARS,FWD,7.3,7.2,-0.1,3.9
2026-09-10_2348Z,15,Ødegaard,ARS,MID,6.6,6.7,0.1,15.5
2026-09-10_2348Z,387,O'Reilly,MCI,DEF,6.5,6.4,-0.1,14.2
2026-09-10_2348Z,69,Scott,BOU,MID,6.0,6.1,0.1,5.0
2026-09-10_2348Z,8,Calafiori,ARS,DEF,5.7,5.8,0.1,48.2
2026-09-10_2348Z,261,Iwobi,FUL,MID,5.5,5.4,-0.1,0.8
2026-09-10_2348Z,190,Tchaouna,COV,MID,5.5,5.4,-0.1,0.1
2026-09-10_2348Z,534,Hume,SUN,DEF,4.5,4.4,-0.1,4.3
2026-09-10_2348Z,586,Mendy,HUL,DEF,4.0,4.1,0.1,7.8
2026-09-11_2356Z,14,Eze,ARS,MID,6.4,6.3,-0.1,1.2
2026-09-11_2356Z,454,Elanga,NEW,MID,6.1,6.2,0.1,11.2
2026-09-11_2356Z,513,Xavi,TOT,MID,6.0,5.9,-0.1,0.0
2026-09-11_2356Z,552,Brobbey,SUN,FWD,5.9,5.8,-0.1,7.0
2026-09-11_2356Z,542,E.Le Fée,SUN,MID,5.9,5.8,-0.1,4.5
2026-09-11_2356Z,17,Merino,ARS,MID,5.9,5.8,-0.1,0.4
2026-09-11_2356Z,338,Ampadu,LEE,MID,5.5,5.4,-0.1,1.0
2026-09-11_2356Z,313,Clarke,IPS,MID,5.5,5.4,-0.1,0.2
2026-09-11_2356Z,125,Georginio,BHA,FWD,5.5,5.4,-0.1,0.6
2026-09-11_2356Z,97,Jensen,BRE,MID,5.5,5.4,-0.1,0.1
2026-09-11_2356Z,449,Hall,NEW,DEF,5.1,5.2,0.1,13.4
2026-09-11_2356Z,243,Alcaraz,EVE,MID,5.0,4.9,-0.1,0.1
2026-09-11_2356Z,265,Berge,FUL,MID,5.0,4.9,-0.1,0.3
2026-09-11_2356Z,103,Dasilva,BRE,MID,5.0,4.9,-0.1,0.0
2026-09-11_2356Z,374,Endo,LIV,MID,5.0,4.9,-0.1,0.1
2026-09-11_2356Z,31,Konsa,ARS,DEF,4.4,4.5,0.1,16.0
2026-09-11_2356Z,395,Lewis,MCI,DEF,4.5,4.4,-0.1,0.2
2026-09-11_2356Z,524,Olusesi,TOT,MID,4.5,4.4,-0.1,0.7
2026-09-11_2356Z,560,Penders,CHE,GKP,4.5,4.4,-0.1,0.1
2026-09-11_2356Z,502,Robertson,TOT,DEF,4.5,4.4,-0.1,2.7
2026-09-11_2356Z,269,Sessegnon,FUL,DEF,4.5,4.4,-0.1,0.3
2026-09-11_2356Z,300,Walton,IPS,GKP,4.5,4.4,-0.1,0.4
2026-09-11_2356Z,279,Ajayi,HUL,DEF,4.1,4.2,0.1,12.2
2026-09-12_2349Z,165,João Pedro,CHE,FWD,7.7,7.8,0.1,74.0
2026-09-12_2349Z,40,Rogers,CHE,MID,7.6,7.7,0.1,35.2
2026-09-12_2349Z,26,Havertz,ARS,FWD,7.5,7.6,0.1,8.1
2026-09-12_2349Z,452,Bruno G.,ARS,MID,6.8,6.7,-0.1,1.7
2026-09-12_2349Z,157,Estêvão,CHE,MID,6.4,6.3,-0.1,0.7
2026-09-12_2349Z,223,Mateta,CRY,FWD,6.4,6.3,-0.1,1.6
2026-09-12_2349Z,208,Sarr,CRY,MID,6.3,6.2,-0.1,0.7
2026-09-12_2349Z,105,Anthony,BRE,MID,6.0,5.9,-0.1,0.1
2026-09-12_2349Z,160,Garnacho,AVL,MID,5.9,5.8,-0.1,0.4
2026-09-12_2349Z,482,Hudson-Odoi,NFO,MID,5.9,5.8,-0.1,0.2
2026-09-12_2349Z,491,Igor Jesus,NFO,FWD,5.9,5.8,-0.1,2.4
2026-09-12_2349Z,336,Okafor,LEE,MID,5.9,5.8,-0.1,0.3
2026-09-12_2349Z,498,Senesi,TOT,DEF,5.9,5.8,-0.1,4.3
2026-09-12_2349Z,490,Wood,NFO,FWD,5.9,5.8,-0.1,1.0
2026-09-12_2349Z,582,Madjo,AVL,FWD,5.5,5.4,-0.1,0.2
2026-09-12_2349Z,137,Tzimas,BHA,FWD,5.5,5.4,-0.1,0.0
2026-09-12_2349Z,263,Kevin,FUL,MID,5.4,5.3,-0.1,0.0
2026-09-12_2349Z,152,Palestra,CHE,DEF,5.4,5.3,-0.1,0.8
2026-09-12_2349Z,19,Zubimendi,ARS,MID,5.4,5.3,-0.1,0.7
2026-09-12_2349Z,522,Gray,TOT,MID,5.0,4.9,-0.1,0.2
2026-09-12_2349Z,184,Grimes,COV,MID,5.0,4.9,-0.1,0.1
2026-09-12_2349Z,343,James,LEE,MID,5.0,4.9,-0.1,0.1
2026-09-12_2349Z,412,Lammens,MUN,GKP,5.0,4.9,-0.1,11.3
2026-09-12_2349Z,63,Milosavljević,BOU,DEF,5.0,4.9,-0.1,0.0
2026-09-12_2349Z,48,Onana,AVL,MID,5.0,4.9,-0.1,0.0
2026-09-12_2349Z,231,Keane,EVE,DEF,4.9,4.8,-0.1,0.9
2026-09-12_2349Z,278,Hughes,HUL,DEF,4.0,3.9,-0.1,0.1
2026-09-13_2355Z,229,Tarkowski,EVE,DEF,6.0,6.1,0.1,12.6
2026-09-13_2355Z,68,Tavernier,BOU,MID,6.0,6.1,0.1,4.6
2026-09-13_2355Z,123,Hinshelwood,BHA,MID,6.0,5.9,-0.1,0.8
2026-09-13_2355Z,391,Gvardiol,MCI,DEF,5.6,5.7,0.1,21.4
2026-09-13_2355Z,533,Mukiele,SUN,DEF,5.5,5.4,-0.1,2.1
2026-09-13_2355Z,570,Palacios,FUL,MID,5.5,5.4,-0.1,0.2
2026-09-13_2355Z,164,Quenda,CHE,MID,5.4,5.3,-0.1,0.0
2026-09-13_2355Z,549,Talbi,SUN,MID,5.4,5.3,-0.1,0.1
2026-09-13_2355Z,131,Baleba,MUN,MID,5.0,4.9,-0.1,0.1
2026-09-13_2355Z,359,Gomez,LIV,DEF,5.0,4.9,-0.1,0.0
2026-09-13_2355Z,529,Roefs,SUN,GKP,5.0,4.9,-0.1,2.8
2026-09-13_2355Z,246,Röhl,EVE,MID,5.0,4.9,-0.1,0.0
2026-09-13_2355Z,162,Andrey Santos,MUN,MID,4.9,4.8,-0.1,0.7
2026-09-13_2355Z,89,Henry,BRE,DEF,4.5,4.4,-0.1,0.2
2026-09-13_2355Z,478,Netz,NFO,DEF,4.5,4.4,-0.1,0.0
2026-09-13_2355Z,270,Reed,FUL,MID,4.5,4.4,-0.1,1.1
2026-09-13_2355Z,573,Sanchez,BOU,DEF,4.5,4.4,-0.1,0.2
2026-09-13_2355Z,303,Kipré,IPS,DEF,4.0,3.9,-0.1,0.5
2026-09-15_0022Z,16,Madueke,ARS,MID,6.3,6.2,-0.1,0.2
2026-09-15_0022Z,526,Solanke,TOT,FWD,5.9,5.8,-0.1,0.9
2026-09-15_0022Z,43,Tielemans,MUN,MID,5.9,5.8,-0.1,1.6
2026-09-15_0022Z,568,Barco,CHE,MID,5.5,5.4,-0.1,0.1
2026-09-15_0022Z,159,Caicedo,CHE,MID,5.4,5.3,-0.1,1.3
2026-09-15_0022Z,309,Núñez,IPS,MID,5.0,4.9,-0.1,0.1
2026-09-15_0022Z,328,Struijk,BHA,DEF,5.0,4.9,-0.1,0.2
2026-09-15_0022Z,102,Yarmoliuk,BRE,MID,4.9,4.8,-0.1,0.7
2026-09-15_0022Z,212,Hughes,CRY,MID,4.5,4.4,-0.1,8.1
2026-09-15_0022Z,378,McConnell,LIV,MID,4.5,4.4,-0.1,0.2
2026-09-15_0022Z,506,Udogie,TOT,DEF,4.5,4.4,-0.1,0.4
2026-09-16_0001Z,480,Gibbs-White,NFO,MID,7.9,8.0,0.1,12.3
2026-09-16_0001Z,95,O.Dango,BRE,MID,6.4,6.3,-0.1,0.5
2026-09-16_0001Z,94,Schade,BRE,MID,6.0,6.1,0.1,6.1
2026-09-16_0001Z,618,Goretzka,AVL,MID,6.0,5.9,-0.1,0.0
2026-09-16_0001Z,431,Amad,MUN,MID,5.8,5.7,-0.1,0.3
2026-09-16_0001Z,124,Groß,BHA,MID,5.6,5.7,0.1,18.9
2026-09-16_0001Z,84,Collins,BRE,DEF,5.5,5.4,-0.1,1.2
2026-09-16_0001Z,393,Khusanov,MCI,DEF,5.5,5.4,-0.1,1.5
2026-09-16_0001Z,126,O'Riley,BHA,MID,5.5,5.4,-0.1,0.1
2026-09-16_0001Z,11,Mosquera,ARS,DEF,5.4,5.3,-0.1,2.0
2026-09-16_0001Z,286,Belloumi,HUL,MID,5.0,5.1,0.1,3.2
2026-09-16_0001Z,266,Cairney,FUL,MID,5.0,4.9,-0.1,0.0
2026-09-16_0001Z,446,Schär,NEW,DEF,5.0,4.9,-0.1,0.2
2026-09-16_0001Z,130,Wieffer,BHA,DEF,5.0,4.9,-0.1,0.2
2026-09-16_0001Z,32,Cash,AVL,DEF,4.5,4.4,-0.1,5.3
2026-09-16_0001Z,438,Fletcher,MUN,MID,4.5,4.4,-0.1,0.3
2026-09-16_0001Z,577,Tomiyasu,CRY,DEF,4.5,4.4,-0.1,0.3
2026-09-16_0001Z,172,Wilson,COV,GKP,4.5,4.4,-0.1,0.4
2026-09-17_0011Z,115,De Cuyper,BHA,DEF,4.8,4.9,0.1,24.1
2026-09-17_0011Z,76,Tóth.A,BOU,MID,5.0,4.9,-0.1,0.0
2026-09-17_2357Z,411,Haaland,MCI,FWD,15.5,15.6,0.1,72.9
2026-09-17_2357Z,106,Thiago,BRE,FWD,7.9,7.8,-0.1,9.2
2026-09-17_2357Z,366,Wirtz,LIV,MID,7.4,7.3,-0.1,6.5
2026-09-17_2357Z,398,Foden,MCI,MID,7.0,6.9,-0.1,2.6
2026-09-17_2357Z,15,Ødegaard,ARS,MID,6.7,6.8,0.1,19.7
2026-09-17_2357Z,260,Wilson,LEE,MID,6.3,6.2,-0.1,2.3
2026-09-17_2357Z,96,Damsgaard,BRE,MID,5.5,5.4,-0.1,0.4
2026-09-17_2357Z,315,Fatawu,IPS,MID,5.5,5.4,-0.1,0.2
2026-09-17_2357Z,42,Guessand,CRY,MID,5.5,5.4,-0.1,0.0
2026-09-17_2357Z,499,Pedro Porro,TOT,DEF,5.5,5.4,-0.1,8.6
2026-09-17_2357Z,357,Frimpong,LIV,DEF,5.4,5.3,-0.1,1.9
2026-09-17_2357Z,519,Gallagher,TOT,MID,5.4,5.3,-0.1,0.2
2026-09-17_2357Z,183,Rudoni,COV,MID,5.0,4.9,-0.1,0.1
2026-09-17_2357Z,185,Sakamoto,COV,MID,4.9,4.8,-0.1,0.1
2026-09-17_2357Z,330,Bogle,LEE,DEF,4.5,4.6,0.1,4.8
2026-09-17_2357Z,189,Shepherd,COV,MID,4.5,4.4,-0.1,0.2
2026-09-17_2357Z,308,Furlong,IPS,DEF,4.0,3.9,-0.1,0.5
2026-09-18_2356Z,236,Dewsbury-Hall,EVE,MID,6.5,6.6,0.1,6.2
2026-09-18_2356Z,67,Rayan,BOU,MID,6.4,6.3,-0.1,1.6
2026-09-18_2356Z,453,Barnes,NEW,MID,6.0,6.1,0.1,4.5
2026-09-18_2356Z,454,Elanga,NEW,MID,6.2,6.1,-0.1,6.0
2026-09-18_2356Z,594,David,BHA,FWD,6.0,5.9,-0.1,0.2
2026-09-18_2356Z,200,Lacroix,CHE,DEF,6.0,5.9,-0.1,7.0
2026-09-18_2356Z,371,Gravenberch,LIV,MID,5.9,5.8,-0.1,1.2
2026-09-18_2356Z,237,Ndiaye,MCI,MID,5.9,5.8,-0.1,7.3
2026-09-18_2356Z,465,Osula,NEW,FWD,5.9,5.8,-0.1,0.3
2026-09-18_2356Z,552,Brobbey,SUN,FWD,5.8,5.7,-0.1,5.4
2026-09-18_2356Z,542,E.Le Fée,SUN,MID,5.8,5.7,-0.1,3.5
2026-09-18_2356Z,369,Ngumoha,LIV,MID,5.8,5.7,-0.1,0.5
2026-09-18_2356Z,514,Tel,TOT,MID,5.8,5.7,-0.1,0.2
2026-09-18_2356Z,167,Delap,NFO,FWD,5.5,5.6,0.1,2.9
2026-09-18_2356Z,565,M.Sangaré,BRE,MID,5.7,5.6,-0.1,11.0
2026-09-18_2356Z,492,Awoniyi,COV,FWD,5.5,5.4,-0.1,0.4
2026-09-18_2356Z,471,Milenković,NFO,DEF,5.5,5.4,-0.1,1.1
2026-09-18_2356Z,108,Wilson,BRE,FWD,5.5,5.4,-0.1,0.3
2026-09-18_2356Z,370,Chiesa,LIV,MID,5.4,5.3,-0.1,0.0
2026-09-18_2356Z,455,Tonali,TOT,MID,5.4,5.3,-0.1,2.0
2026-09-18_2356Z,188,Torp,COV,MID,5.4,5.3,-0.1,0.1
2026-09-18_2356Z,440,Zirkzee,MUN,FWD,5.4,5.3,-0.1,0.4
2026-09-18_2356Z,203,Canvot,CRY,DEF,4.9,4.8,-0.1,0.2
2026-09-18_2356Z,149,Colwill,CHE,DEF,4.9,4.8,-0.1,0.9
2026-09-18_2356Z,420,Yoro,MUN,DEF,4.9,4.8,-0.1,0.5
2026-09-18_2356Z,31,Konsa,ARS,DEF,4.5,4.6,0.1,19.4
2026-09-18_2356Z,233,Mykolenko,EVE,DEF,4.5,4.6,0.1,4.2
2026-09-18_2356Z,289,Crooks,HUL,MID,4.5,4.4,-0.1,0.5
2026-09-18_2356Z,444,Jaouen,NEW,GKP,4.5,4.4,-0.1,0.0
2026-09-18_2356Z,206,Chadi Riad,CRY,DEF,4.4,4.3,-0.1,0.0
2026-09-18_2356Z,534,Hume,SUN,DEF,4.4,4.3,-0.1,3.0
2026-09-18_2356Z,329,Rodon,LEE,DEF,4.4,4.3,-0.1,0.8
2026-09-18_2356Z,423,Shaw,MUN,DEF,4.4,4.3,-0.1,8.3
2026-09-18_2356Z,508,Davies,TOT,DEF,4.0,3.9,-0.1,0.8
2026-09-18_2356Z,177,Kesler-Hayden,COV,DEF,4.0,3.9,-0.1,0.0
2026-09-18_2356Z,539,O'Nien,SUN,DEF,4.0,3.9,-0.1,2.4
2026-09-19_2356Z,25,Gyökeres,ARS,FWD,7.2,7.1,-0.1,3.1
2026-09-19_2356Z,557,Tzolis,ARS,MID,6.4,6.3,-0.1,12.9
2026-09-19_2356Z,124,Groß,BHA,MID,5.7,5.8,0.1,23.8
2026-09-19_2356Z,122,Minteh,BHA,MID,5.9,5.8,-0.1,0.0
2026-09-19_2356Z,7,Lewis-Skelly,ARS,MID,5.5,5.4,-0.1,0.6
2026-09-19_2356Z,125,Georginio,BHA,FWD,5.4,5.3,-0.1,0.5
2026-09-19_2356Z,562,Maeda,IPS,MID,5.4,5.3,-0.1,0.2
2026-09-19_2356Z,578,Mudryk,TOT,MID,5.4,5.3,-0.1,0.0
2026-09-19_2356Z,267,Lukić,IPS,MID,5.0,4.9,-0.1,0.1
2026-09-19_2356Z,535,Alderete,SUN,DEF,4.9,4.8,-0.1,0.2
2026-09-19_2356Z,187,Eccles,COV,MID,4.9,4.8,-0.1,0.0
2026-09-19_2356Z,324,Mehmeti,IPS,MID,4.9,4.8,-0.1,0.0
2026-09-19_2356Z,92,Ji-soo,BRE,DEF,4.5,4.4,-0.1,0.0
2026-09-19_2356Z,536,Reinildo,SUN,DEF,4.5,4.4,-0.1,0.3
2026-09-19_2356Z,312,Taylor,IPS,MID,4.5,4.4,-0.1,0.0
2026-09-20_2355Z,1,Raya,ARS,GKP,6.0,6.1,0.1,42.0
2026-09-20_2355Z,158,Gittens,CHE,MID,5.9,5.8,-0.1,0.0
2026-09-20_2355Z,525,Fernandes,TOT,MID,5.8,5.7,-0.1,0.8
2026-09-20_2355Z,138,Kostoulas,BHA,FWD,5.5,5.6,0.1,2.8
2026-09-20_2355Z,247,Hackney,EVE,MID,5.5,5.4,-0.1,0.2
2026-09-20_2355Z,337,Aaronson,LEE,MID,5.4,5.3,-0.1,0.5
2026-09-20_2355Z,9,Hincapie,ARS,DEF,5.3,5.2,-0.1,0.9
2026-09-20_2355Z,62,Diakité,BOU,DEF,5.0,4.9,-0.1,0.2
2026-09-20_2355Z,448,Burn,NEW,DEF,4.9,4.8,-0.1,0.8
2026-09-20_2355Z,571,Florentino,IPS,MID,4.9,4.8,-0.1,0.1
2026-09-20_2355Z,232,O'Brien,EVE,DEF,4.9,4.8,-0.1,0.3
2026-09-20_2355Z,575,Yirenkyi,COV,MID,4.9,4.8,-0.1,0.1
2026-09-20_2355Z,269,Sessegnon,FUL,DEF,4.4,4.3,-0.1,0.3
2026-09-22_0038Z,426,B.Fernandes,MUN,MID,12.0,11.9,-0.1,38.8
2026-09-22_0038Z,165,João Pedro,CHE,FWD,7.8,7.7,-0.1,66.1
2026-09-22_0038Z,387,O'Reilly,MCI,DEF,6.4,6.3,-0.1,11.1
2026-09-22_0038Z,94,Schade,BRE,MID,6.1,6.2,0.1,10.4
2026-09-22_0038Z,61,Truffert,BOU,DEF,5.5,5.4,-0.1,3.0
2026-09-22_0038Z,520,Bergvall,TOT,MID,5.4,5.3,-0.1,0.1
2026-09-22_0038Z,449,Hall,NEW,DEF,5.2,5.3,0.1,16.6
2026-09-22_0038Z,186,Mason-Clark,COV,MID,5.4,5.3,-0.1,0.1
2026-09-22_0038Z,35,Bogarde,AVL,MID,5.0,4.9,-0.1,0.1
2026-09-22_0038Z,144,Gusto,CHE,DEF,5.0,4.9,-0.1,1.0
2026-09-22_0038Z,195,Simms,COV,FWD,5.0,4.9,-0.1,0.6
2026-09-22_0038Z,218,Doucouré,CRY,MID,4.9,4.8,-0.1,0.0
2026-09-22_0038Z,213,Lerma,CRY,MID,4.9,4.8,-0.1,0.1
2026-09-22_0038Z,473,Aina,NFO,DEF,4.5,4.4,-0.1,2.4
2026-09-22_0038Z,323,McAteer,IPS,MID,4.5,4.4,-0.1,1.0
2026-09-23_0005Z,210,Wharton,CRY,MID,5.5,5.4,-0.1,0.7
2026-09-23_0005Z,418,Maguire,MUN,DEF,4.9,4.8,-0.1,8.7
2026-09-23_0005Z,437,Bendito Mantato,MUN,MID,4.5,4.4,-0.1,0.2
2026-09-23_0005Z,297,Gyabi,HUL,MID,4.5,4.4,-0.1,0.0
2026-09-23_0005Z,36,Maatsen,AVL,DEF,4.5,4.4,-0.1,0.5
2026-09-24_0017Z,274,Butland,HUL,GKP,4.5,4.4,-0.1,0.1
